INFO: 2026/03/02 08:53:47 Logger initialized
INFO: 2026/03/02 08:53:47 Application starting...
INFO: 2026/03/02 08:53:47 Audio player initialized
INFO: 2026/03/02 08:53:47 Volume set to 1%
INFO: 2026/03/02 08:53:55 Parsing URL: https://www.youtube.com/watch?v=8QcQ_128OIw
ERROR: 2026/03/02 08:53:59 yt-dlp.go:67: Scanner error: bufio.Scanner: token too long
ERROR: 2026/03/02 08:55:55 yt-dlp.go:72: yt-dlp command error: exit status 1
ERROR: 2026/03/02 08:55:55 yt-dlp.go:76: No tracks found for URL: https://www.youtube.com/watch?v=8QcQ_128OIw
ERROR: 2026/03/02 08:55:55 main.go:100: Error parsing URL: no tracks found
INFO: 2026/03/02 08:56:08 Parsing URL: https://www.youtube.com/watch?v=8QcQ_128OIw
ERROR: 2026/03/02 08:56:10 yt-dlp.go:67: Scanner error: bufio.Scanner: token too long
ERROR: 2026/03/02 08:58:08 yt-dlp.go:72: yt-dlp command error: exit status 1
ERROR: 2026/03/02 08:58:08 yt-dlp.go:76: No tracks found for URL: https://www.youtube.com/watch?v=8QcQ_128OIw
ERROR: 2026/03/02 08:58:08 main.go:100: Error parsing URL: no tracks found
INFO: 2026/03/02 09:17:41 Logger initialized
INFO: 2026/03/02 09:17:41 Application starting...
INFO: 2026/03/02 09:17:41 Audio player initialized
INFO: 2026/03/02 09:17:41 Volume set to 1%
INFO: 2026/03/02 09:17:48 Parsing URL: https://www.youtube.com/watch?v=8QcQ_128OIw
INFO: 2026/03/02 09:17:50 Successfully parsed 1 tracks
INFO: 2026/03/02 09:17:51 Starting playback: https://youtube.com/watch?v=8QcQ_128OIw
INFO: 2026/03/02 09:17:51 Playback stopped
INFO: 2026/03/02 09:17:54 Playback started successfully
INFO: 2026/03/02 09:32:18 Logger initialized
INFO: 2026/03/02 09:32:18 Application starting...
INFO: 2026/03/02 09:32:18 Audio player initialized
INFO: 2026/03/02 09:32:18 Volume set to 1%
INFO: 2026/03/02 09:32:21 Parsing URL: https://www.youtube.com/watch?v=8QcQ_128OIw
INFO: 2026/03/02 09:32:24 Successfully parsed 1 tracks
INFO: 2026/03/02 09:32:24 Starting playback: https://rr3---sn-a2oxu-bg0e.googlevideo.com/videoplayback?expire=1772476343&ei=V4OlaZXUI4ysobIPzZS34Q4&ip=2804%3A868%3Ad054%3Aaa91%3A9188%3Ae4ce%3A2fe8%3A12a9&id=o-AJ1YhjKBNwmvmdk5ETnchO5dee2oXgRPO0q2-dOGCCUx&itag=139&source=youtube&requiressl=yes&xpc=EgVo2aDSNQ%3D%3D&cps=218&met=1772454743%2C&mh=C0&mm=31%2C29&mn=sn-a2oxu-bg0e%2Csn-bg0s7nld&ms=au%2Crdu&mv=m&mvi=3&pcm2cms=yes&pl=54&rms=au%2Cau&initcwndbps=2541250&bui=AVNa5-xnHbkGRGwonP7CE8BhSQH1lotd2lT0WNVLro2z_lGmk25rgBpHhiQhBdJNmt_XXe9wIYxqdhDc&spc=6dlaFNfWWlaZ&vprv=1&svpuc=1&mime=audio%2Fmp4&rqh=1&gir=yes&clen=22673406&dur=3718.164&lmt=1748044315438700&mt=1772454328&fvip=4&keepalive=yes&fexp=51552689%2C51565115%2C51565682%2C51580968%2C51791333&c=ANDROID_VR&txp=4532534&sparams=expire%2Cei%2Cip%2Cid%2Citag%2Csource%2Crequiressl%2Cxpc%2Cbui%2Cspc%2Cvprv%2Csvpuc%2Cmime%2Crqh%2Cgir%2Cclen%2Cdur%2Clmt&sig=AHEqNM4wRgIhAOxrOUyXtUKn7Q4McQcp6qIZrsnsrhDN2EXoyD9ASYGnAiEAhQtr_oiqDPdaAuttg5-CyrobFCEhmfa7ZXTN1PFabq4%3D&lsparams=cps%2Cmet%2Cmh%2Cmm%2Cmn%2Cms%2Cmv%2Cmvi%2Cpcm2cms%2Cpl%2Crms%2Cinitcwndbps&lsig=APaTxxMwRQIhAL4PlQee2m45jKs2BnME7pOWEOGrWUNFUWPWGeSWc6XiAiBJ5gzD_MXzmvvJ8M2ylnZPUusO4XfOhN8QFp2lR3NBeg%3D%3D
INFO: 2026/03/02 09:32:24 Playback stopped
INFO: 2026/03/02 09:32:25 Playback started successfully
INFO: 2026/03/02 09:32:45 Volume set to 10%
INFO: 2026/03/02 09:33:41 Parsing URL: https://www.youtube.com/watch?v=nJ6A6GC_ki4
INFO: 2026/03/02 09:33:44 Successfully parsed 1 tracks
INFO: 2026/03/02 09:34:23 Parsing URL: https://www.youtube.com/watch?v=evVcNrT3whQ&list=PL6QucdtfxoV8nkijalHUtTdzxM-kenFGG
INFO: 2026/03/02 09:34:26 Found playlist with 63 entries
INFO: 2026/03/02 09:34:26 Successfully parsed 63 tracks
INFO: 2026/03/02 09:34:36 Playback stopped
INFO: 2026/03/02 09:34:37 Starting playback: https://rr1---sn-a2oxu-bg0s.googlevideo.com/videoplayback?expire=1772476424&ei=qIOlacLcBJjB-LAPzNfI8Ag&ip=2804%3A868%3Ad054%3Aaa91%3A9188%3Ae4ce%3A2fe8%3A12a9&id=o-ABiSCJDseATS1WXQBg7P6Nan1-81WK32FpNAydm_69j6&itag=139&source=youtube&requiressl=yes&xpc=EgVo2aDSNQ%3D%3D&cps=737&met=1772454824%2C&mh=MH&mm=31%2C29&mn=sn-a2oxu-bg0s%2Csn-bg0s7n7l&ms=au%2Crdu&mv=m&mvi=1&pl=54&rms=au%2Cau&gcr=br&initcwndbps=2445000&bui=AVNa5-zOPZMLL2XRXfDYUV037gGiVHvKD54ccP_-0XGvlnk6RPU33sNgW325Fd9K8sRiN0lEIcGhrXAu&spc=6dlaFNx4xD97&vprv=1&svpuc=1&mime=audio%2Fmp4&rqh=1&gir=yes&clen=1503960&dur=246.456&lmt=1741072747520157&mt=1772454572&fvip=5&keepalive=yes&fexp=51552689%2C51565116%2C51565682%2C51580968%2C51791333&c=ANDROID_VR&txp=4532534&sparams=expire%2Cei%2Cip%2Cid%2Citag%2Csource%2Crequiressl%2Cxpc%2Cgcr%2Cbui%2Cspc%2Cvprv%2Csvpuc%2Cmime%2Crqh%2Cgir%2Cclen%2Cdur%2Clmt&sig=AHEqNM4wRgIhAPyIomuFBNVjBSB2pQDp9QhvDsu_pHf6m-OGB_QWs90YAiEAriDLFhDNek9WIGVcVQpPBEHJRlkW0QgCUYJ70eowhIM%3D&lsparams=cps%2Cmet%2Cmh%2Cmm%2Cmn%2Cms%2Cmv%2Cmvi%2Cpl%2Crms%2Cinitcwndbps&lsig=APaTxxMwRAIgHqlRpjKol-TR0-zNC4ovCgDyClApU3BLCYgvUJOZdBcCIBUEx4k9DqRV657t9aq5W3EtZnlDJz1CLcfb-P7sD4v6
INFO: 2026/03/02 09:34:37 Playback stopped
INFO: 2026/03/02 09:34:37 Playback started successfully
INFO: 2026/03/02 09:35:03 Playback stopped
INFO: 2026/03/02 09:35:11 Parsing URL: WARNING: DATA RACE
ERROR: 2026/03/02 09:35:13 yt-dlp.go:70: yt-dlp failed: exit status 1
ERROR: 2026/03/02 09:35:13 main.go:100: Error parsing URL: yt-dlp failed: exit status 1
INFO: 2026/03/02 09:35:21 Parsing URL: https://www.youtube.com/watch?v=evVcNrT3whQ&list=PL6QucdtfxoV8nkijalHUtTdzxM-kenFGG
INFO: 2026/03/02 09:35:24 Found playlist with 63 entries
INFO: 2026/03/02 09:35:24 Successfully parsed 63 tracks
INFO: 2026/03/02 09:35:24 Starting playback: https://www.youtube.com/watch?v=evVcNrT3whQ
INFO: 2026/03/02 09:35:24 Playback stopped
INFO: 2026/03/02 09:35:34 Parsing URL: https://www.youtube.com/watch?v=evVcNrT3whQ&list=PL6QucdtfxoV8nkijalHUtTdzxM-kenFGG
INFO: 2026/03/02 09:35:37 Found playlist with 63 entries
INFO: 2026/03/02 09:35:37 Successfully parsed 63 tracks
INFO: 2026/03/02 09:36:20 Playback stopped
INFO: 2026/03/02 09:36:33 Playback stopped
INFO: 2026/03/02 09:36:33 Application exiting
INFO: 2026/03/02 09:53:53 Logger initialized
INFO: 2026/03/02 09:53:53 Application starting...
INFO: 2026/03/02 09:53:53 Audio player initialized
INFO: 2026/03/02 09:53:53 Volume set to 10%
INFO: 2026/03/02 09:53:55 Parsing URL: https://www.youtube.com/watch?v=evVcNrT3whQ&list=PL6QucdtfxoV8nkijalHUtTdzxM-kenFGG
INFO: 2026/03/02 09:53:58 Found playlist with 63 entries
INFO: 2026/03/02 09:53:58 Successfully parsed 63 tracks
INFO: 2026/03/02 09:53:59 Starting playback: https://www.youtube.com/watch?v=evVcNrT3whQ
INFO: 2026/03/02 09:53:59 Playback stopped
INFO: 2026/03/02 09:54:06 Parsing URL: https://www.youtube.com/watch?v=evVcNrT3whQ&list=PL6QucdtfxoV8nkijalHUtTdzxM-kenFGG
INFO: 2026/03/02 09:54:10 Found playlist with 63 entries
INFO: 2026/03/02 09:54:10 Successfully parsed 63 tracks
INFO: 2026/03/02 09:54:22 Playback stopped
INFO: 2026/03/02 09:54:34 Playback stopped
INFO: 2026/03/02 09:54:42 Parsing URL: https://www.youtube.com/watch?v=nJ6A6GC_ki4&pp=ygUWaGFydWthIGthbmF0YSBwbGF5bGlzdA%3D%3D
INFO: 2026/03/02 09:54:45 Successfully parsed 1 tracks
INFO: 2026/03/02 09:55:19 Logger initialized
INFO: 2026/03/02 09:55:19 Application starting...
INFO: 2026/03/02 09:55:19 Audio player initialized
INFO: 2026/03/02 09:55:19 Volume set to 10%
INFO: 2026/03/02 09:55:23 Parsing URL: https://www.youtube.com/watch?v=nJ6A6GC_ki4&pp=ygUWaGFydWthIGthbmF0YSBwbGF5bGlzdA%3D%3D
INFO: 2026/03/02 09:55:26 Successfully parsed 1 tracks
INFO: 2026/03/02 09:55:26 Starting playback: https://rr1---sn-a2oxu-bg0s.googlevideo.com/videoplayback?expire=1772477725&ei=vYilaY2UOMWlobIP7YDG0Qg&ip=2804%3A868%3Ad054%3Aaa91%3A9188%3Ae4ce%3A2fe8%3A12a9&id=o-AOIRjjdSgkFtXN-LMpK6hBSyTun3DiBTqQCTKnXd_SR4&itag=139&source=youtube&requiressl=yes&xpc=EgVo2aDSNQ%3D%3D&cps=793&met=1772456125%2C&mh=MH&mm=31%2C29&mn=sn-a2oxu-bg0s%2Csn-bg0e6n7k&ms=au%2Crdu&mv=m&mvi=1&pl=54&rms=au%2Cau&gcr=br&initcwndbps=2472500&bui=AVNa5-wkXqTAeBaKFZjKROSZohKnrpZlP0QaIYiP1dj_ks18YZmyqmVYWZbVkWaKo-di5_xya_IhOBOF&spc=6dlaFABLWs_2&vprv=1&svpuc=1&mime=audio%2Fmp4&rqh=1&gir=yes&clen=1503960&dur=246.456&lmt=1741072747520157&mt=1772455765&fvip=1&keepalive=yes&fexp=51552689%2C51565116%2C51565681%2C51580968%2C51791333&c=ANDROID_VR&txp=4532534&sparams=expire%2Cei%2Cip%2Cid%2Citag%2Csource%2Crequiressl%2Cxpc%2Cgcr%2Cbui%2Cspc%2Cvprv%2Csvpuc%2Cmime%2Crqh%2Cgir%2Cclen%2Cdur%2Clmt&sig=AHEqNM4wRQIgGZww2HqG65-s0W6dgKmAgFWLSUyK8111NcLiwOAOnfgCIQDPNPZH4egk4AG1aaN13gQwfJUQ8XroH-9ZSyBdSR8m4g%3D%3D&lsparams=cps%2Cmet%2Cmh%2Cmm%2Cmn%2Cms%2Cmv%2Cmvi%2Cpl%2Crms%2Cinitcwndbps&lsig=APaTxxMwRQIhAI0qimXn1wuR79AK8yWCBoomlwUxYSvAIPLf7aevGhLOAiAAqWTXTt1ECEhkSyQ8roOST9tJc-dfMh8Yo3O3atEeEw%3D%3D
INFO: 2026/03/02 09:55:26 Playback stopped
INFO: 2026/03/02 09:55:27 Playback started successfully
INFO: 2026/03/02 09:55:39 Parsing URL: https://www.youtube.com/watch?v=evVcNrT3whQ&list=PL6QucdtfxoV8nkijalHUtTdzxM-kenFGG
INFO: 2026/03/02 09:55:48 Found playlist with 63 entries
INFO: 2026/03/02 09:55:48 Successfully parsed 63 tracks
INFO: 2026/03/02 09:55:51 Playback stopped
INFO: 2026/03/02 09:55:51 Starting playback: https://www.youtube.com/watch?v=evVcNrT3whQ
INFO: 2026/03/02 09:55:51 Playback stopped
INFO: 2026/03/02 09:56:00 Playback stopped
INFO: 2026/03/02 11:11:25 Logger initialized
INFO: 2026/03/02 11:11:25 Application starting...
INFO: 2026/03/02 11:11:25 Audio player initialized
INFO: 2026/03/02 11:11:25 Volume set to 10%
INFO: 2026/03/02 11:11:30 Parsing URL: https://www.youtube.com/watch?v=nJ6A6GC_ki4&pp=ygUWaGFydWthIGthbmF0YSBwbGF5bGlzdA%3D%3D
INFO: 2026/03/02 11:11:37 Converting entry: ASIAN KUNG-FU GENERATION - Haruka Kanata, Formats count: 20
INFO: 2026/03/02 11:11:37 Found audio URL for: ASIAN KUNG-FU GENERATION - Haruka Kanata
INFO: 2026/03/02 11:11:38 Successfully parsed 1 tracks
INFO: 2026/03/02 11:11:38 Starting playback: https://rr1---sn-a2oxu-bg0s.googlevideo.com/videoplayback?expire=1772482297&ei=mZqlaf6ZHPSY1sQP9bGvUA&ip=2804%3A868%3Ad054%3Aaa91%3A9188%3Ae4ce%3A2fe8%3A12a9&id=o-AMK7K7ePn2nDIDUcmDKLV-K5ZoXL9WR3IbxY2AMWRHb8&itag=139&source=youtube&requiressl=yes&xpc=EgVo2aDSNQ%3D%3D&cps=842&met=1772460697%2C&mh=MH&mm=31%2C29&mn=sn-a2oxu-bg0s%2Csn-bg0e6n7k&ms=au%2Crdu&mv=m&mvi=1&pl=54&rms=au%2Cau&gcr=br&initcwndbps=2418750&bui=AVNa5-xYevjmMvjf1FUmudPb0IzNJYsKwS-dlWXQplpD2HiZ_FcMDr0nQI7v63vKX2SIhdFzCoo5K1TG&spc=6dlaFHOve8Ry&vprv=1&svpuc=1&mime=audio%2Fmp4&rqh=1&gir=yes&clen=1503960&dur=246.456&lmt=1741072747520157&mt=1772457213&fvip=1&keepalive=yes&fexp=51552689%2C51565116%2C51565681%2C51580968%2C51791333&c=ANDROID_VR&txp=4532534&sparams=expire%2Cei%2Cip%2Cid%2Citag%2Csource%2Crequiressl%2Cxpc%2Cgcr%2Cbui%2Cspc%2Cvprv%2Csvpuc%2Cmime%2Crqh%2Cgir%2Cclen%2Cdur%2Clmt&sig=AHEqNM4wRAIgMMdBactg1VbgWO6ITwxRhfTdY69YWxyAmt0-R52vrPgCICT5mAcnq9tpOkO4hpYjDKJhswKVbOVlwvc9WRp4a0cC&lsparams=cps%2Cmet%2Cmh%2Cmm%2Cmn%2Cms%2Cmv%2Cmvi%2Cpl%2Crms%2Cinitcwndbps&lsig=APaTxxMwRAIgVA4gvQq6ZpdOtV5X6IaFGiGjUk0AbaNByaLDyRjMvJkCIF-oY02PmrA2-QfofrjZ4Zhyky517Wg_tNu6198DifqF
INFO: 2026/03/02 11:11:38 Playback stopped
INFO: 2026/03/02 11:11:38 Playback started successfully
INFO: 2026/03/02 11:11:47 Parsing URL: https://www.youtube.com/watch?v=evVcNrT3whQ&list=PL6QucdtfxoV8nkijalHUtTdzxM-kenFGG
ERROR: 2026/03/02 11:11:51 yt-dlp.go:101: Scanner error: bufio.Scanner: token too long
INFO: 2026/03/02 11:16:54 Logger initialized
INFO: 2026/03/02 11:16:54 Application starting...
INFO: 2026/03/02 11:16:54 Audio player initialized
INFO: 2026/03/02 11:16:54 Volume set to 10%
INFO: 2026/03/02 11:16:57 Parsing URL: https://www.youtube.com/watch?v=nJ6A6GC_ki4&pp=ygUWaGFydWthIGthbmF0YSBwbGF5bGlzdA%3D%3D
INFO: 2026/03/02 11:16:59 Converting entry: ASIAN KUNG-FU GENERATION - Haruka Kanata, Formats count: 20
INFO: 2026/03/02 11:16:59 Found audio URL for: ASIAN KUNG-FU GENERATION - Haruka Kanata
INFO: 2026/03/02 11:17:00 Successfully parsed 1 tracks
INFO: 2026/03/02 11:17:00 Starting playback: https://rr1---sn-a2oxu-bg0s.googlevideo.com/videoplayback?expire=1772482620&ei=25ulaZ2nO97o1sQPpaWewAI&ip=2804%3A868%3Ad054%3Aaa91%3A9188%3Ae4ce%3A2fe8%3A12a9&id=o-APzx9Ut5CnkwWTkuOjUE7WrDq3inSEM2dl1vCGJcSvBF&itag=139&source=youtube&requiressl=yes&xpc=EgVo2aDSNQ%3D%3D&cps=871&met=1772461019%2C&mh=MH&mm=31%2C29&mn=sn-a2oxu-bg0s%2Csn-bg0s7n7l&ms=au%2Crdu&mv=m&mvi=1&pl=54&rms=au%2Cau&gcr=br&initcwndbps=2418750&bui=AVNa5-zhrVhNw9wr5g6_o36GPdub7OEyqEPwXqg7YduNF3Fz4_esLSM5CyOnY3wtOfQDI3RA43xZxHTA&spc=6dlaFAsJrkRv&vprv=1&svpuc=1&mime=audio%2Fmp4&rqh=1&gir=yes&clen=1503960&dur=246.456&lmt=1741072747520157&mt=1772457213&fvip=5&keepalive=yes&fexp=51552689%2C51565115%2C51565681%2C51580968%2C51791333&c=ANDROID_VR&txp=4532534&sparams=expire%2Cei%2Cip%2Cid%2Citag%2Csource%2Crequiressl%2Cxpc%2Cgcr%2Cbui%2Cspc%2Cvprv%2Csvpuc%2Cmime%2Crqh%2Cgir%2Cclen%2Cdur%2Clmt&sig=AHEqNM4wRAIgHiVYOyisAz7aXWTifDmk0xsN_DnhaV4rzsyenDN3MzkCIAo-83fQto7tSMsrVIqumg6WN8TLaP9Rgz7LRhujgQPo&lsparams=cps%2Cmet%2Cmh%2Cmm%2Cmn%2Cms%2Cmv%2Cmvi%2Cpl%2Crms%2Cinitcwndbps&lsig=APaTxxMwRAIgWm7JVK4oTYYyk9cNiWo7F8bWQjDxef_NQIg9zyLKyFMCIAvUT5F4f96iBhcMTd2-hZxhUaTv9fd9CJhUheKmgaqM
INFO: 2026/03/02 11:17:00 Playback stopped
INFO: 2026/03/02 11:17:00 Playback started successfully
INFO: 2026/03/02 11:17:07 Parsing URL: https://www.youtube.com/watch?v=evVcNrT3whQ&list=PL6QucdtfxoV8nkijalHUtTdzxM-kenFGG
INFO: 2026/03/02 11:17:11 Converting entry: Rewrite (2016 Rerecorded), Formats count: 26
INFO: 2026/03/02 11:17:11 Found audio URL for: Rewrite (2016 Rerecorded)
INFO: 2026/03/02 11:17:12 Converting entry: Re: Re: Single version, Formats count: 27
INFO: 2026/03/02 11:17:12 Found audio URL for: Re: Re: Single version
INFO: 2026/03/02 11:17:13 Converting entry: Blood Circulator, Formats count: 27
INFO: 2026/03/02 11:17:13 Found audio URL for: Blood Circulator
INFO: 2026/03/02 11:17:14 Converting entry: ASIAN KUNG-FU GENERATION - After Dark (Video Clip), Formats count: 24
INFO: 2026/03/02 11:17:14 Found audio URL for: ASIAN KUNG-FU GENERATION - After Dark (Video Clip)
INFO: 2026/03/02 11:17:15 Converting entry: Dororo, Formats count: 20
INFO: 2026/03/02 11:17:15 Found audio URL for: Dororo
INFO: 2026/03/02 11:17:16 Converting entry: Empathy, Formats count: 26
INFO: 2026/03/02 11:17:16 Found audio URL for: Empathy
INFO: 2026/03/02 11:17:17 Converting entry: I Want To Touch You And Be Sure, Formats count: 20
INFO: 2026/03/02 11:17:17 Found audio URL for: I Want To Touch You And Be Sure
INFO: 2026/03/02 11:17:18 Converting entry: Well Then, See You Again Tomorrow, Formats count: 26
INFO: 2026/03/02 11:17:18 Found audio URL for: Well Then, See You Again Tomorrow
INFO: 2026/03/02 11:17:19 Converting entry: A Lost Dog and Beats of the Rain, Formats count: 20
INFO: 2026/03/02 11:17:19 Found audio URL for: A Lost Dog and Beats of the Rain
INFO: 2026/03/02 11:17:20 Converting entry: UCLA, Formats count: 20
INFO: 2026/03/02 11:17:20 Found audio URL for: UCLA
INFO: 2026/03/02 11:17:21 Converting entry: Dialogue, Formats count: 20
INFO: 2026/03/02 11:17:21 Found audio URL for: Dialogue
INFO: 2026/03/02 11:17:22 Converting entry: Sleep, Formats count: 20
INFO: 2026/03/02 11:17:22 Found audio URL for: Sleep
INFO: 2026/03/02 11:17:22 Converting entry: Memories of the Ruins, Formats count: 20
INFO: 2026/03/02 11:17:22 Found audio URL for: Memories of the Ruins
INFO: 2026/03/02 11:17:23 Converting entry: Liberated Zone, Formats count: 26
INFO: 2026/03/02 11:17:23 Found audio URL for: Liberated Zone
INFO: 2026/03/02 11:17:24 Converting entry: Old School, Formats count: 26
INFO: 2026/03/02 11:17:24 Found audio URL for: Old School
INFO: 2026/03/02 11:17:25 Converting entry: Time Traveler, Formats count: 20
INFO: 2026/03/02 11:17:25 Found audio URL for: Time Traveler
INFO: 2026/03/02 11:17:26 Converting entry: Kouya Wo Aruke, Formats count: 20
INFO: 2026/03/02 11:17:26 Found audio URL for: Kouya Wo Aruke
INFO: 2026/03/02 11:17:27 Converting entry: kaiga kyoushitu, Formats count: 20
INFO: 2026/03/02 11:17:27 Found audio URL for: kaiga kyoushitu
INFO: 2026/03/02 11:17:28 Converting entry: Forever, Formats count: 26
INFO: 2026/03/02 11:17:28 Found audio URL for: Forever
INFO: 2026/03/02 11:17:29 Converting entry: Demachiyanagi Parallel Universe, Formats count: 20
INFO: 2026/03/02 11:17:29 Found audio URL for: Demachiyanagi Parallel Universe
INFO: 2026/03/02 11:17:30 Converting entry: De Arriba, Formats count: 20
INFO: 2026/03/02 11:17:30 Found audio URL for: De Arriba
INFO: 2026/03/02 11:17:31 Converting entry: You To You, Formats count: 20
INFO: 2026/03/02 11:17:31 Found audio URL for: You To You
INFO: 2026/03/02 11:17:32 Converting entry: Flowers, Formats count: 26
INFO: 2026/03/02 11:17:32 Found audio URL for: Flowers
INFO: 2026/03/02 11:17:33 Converting entry: Soranin, Formats count: 26
INFO: 2026/03/02 11:17:33 Found audio URL for: Soranin
INFO: 2026/03/02 11:17:34 Converting entry: Empathy (Album Mix), Formats count: 20
INFO: 2026/03/02 11:17:34 Found audio URL for: Empathy (Album Mix)
INFO: 2026/03/02 11:17:35 Converting entry: I Want To Touch You And Be Sure (Album Mix), Formats count: 20
INFO: 2026/03/02 11:17:35 Found audio URL for: I Want To Touch You And Be Sure (Album Mix)
INFO: 2026/03/02 11:17:35 Converting entry: Rewrite, Formats count: 20
INFO: 2026/03/02 11:17:35 Found audio URL for: Rewrite
INFO: 2026/03/02 11:17:36 Converting entry: A Flower Named You, Formats count: 26
INFO: 2026/03/02 11:17:36 Found audio URL for: A Flower Named You
INFO: 2026/03/02 11:17:38 Converting entry: Blue Train, Formats count: 26
INFO: 2026/03/02 11:17:38 Found audio URL for: Blue Train
INFO: 2026/03/02 11:17:39 Converting entry: World Apart, Formats count: 20
INFO: 2026/03/02 11:17:39 Found audio URL for: World Apart
INFO: 2026/03/02 11:17:39 Converting entry: Siren, Formats count: 26
INFO: 2026/03/02 11:17:39 Found audio URL for: Siren
INFO: 2026/03/02 11:17:40 Converting entry: Piece of the Future, Formats count: 20
INFO: 2026/03/02 11:17:40 Found audio URL for: Piece of the Future
INFO: 2026/03/02 11:17:41 Converting entry: Re:Re:, Formats count: 27
INFO: 2026/03/02 11:17:41 Found audio URL for: Re:Re:
INFO: 2026/03/02 11:17:42 Converting entry: A Town in Blue, Formats count: 26
INFO: 2026/03/02 11:17:42 Found audio URL for: A Town in Blue
INFO: 2026/03/02 11:17:43 Converting entry: After Dark, Formats count: 27
INFO: 2026/03/02 11:17:43 Found audio URL for: After Dark
INFO: 2026/03/02 11:17:44 Converting entry: Loop & Loop, Formats count: 20
INFO: 2026/03/02 11:17:44 Found audio URL for: Loop & Loop
INFO: 2026/03/02 11:17:45 Converting entry: Rockn' Roll, Morning Light Falls on You, Formats count: 26
INFO: 2026/03/02 11:17:45 Found audio URL for: Rockn' Roll, Morning Light Falls on You
INFO: 2026/03/02 11:17:46 Converting entry: To Your Town, Formats count: 20
INFO: 2026/03/02 11:17:46 Found audio URL for: To Your Town
INFO: 2026/03/02 11:17:47 Converting entry: Walk in the Wild Land (Hometown Version), Formats count: 20
INFO: 2026/03/02 11:17:47 Found audio URL for: Walk in the Wild Land (Hometown Version)
INFO: 2026/03/02 11:17:48 Converting entry: Haruka Kanata, Formats count: 27
INFO: 2026/03/02 11:17:48 Found audio URL for: Haruka Kanata
INFO: 2026/03/02 11:17:49 Converting entry: Mustang, Formats count: 26
INFO: 2026/03/02 11:17:49 Found audio URL for: Mustang
INFO: 2026/03/02 11:17:50 Converting entry: Liberation Zone (Album Mix), Formats count: 20
INFO: 2026/03/02 11:17:50 Found audio URL for: Liberation Zone (Album Mix)
INFO: 2026/03/02 11:17:51 Converting entry: Dororo (Album Mix), Formats count: 20
INFO: 2026/03/02 11:17:51 Found audio URL for: Dororo (Album Mix)
INFO: 2026/03/02 11:17:51 Converting entry: Right Now, Formats count: 20
INFO: 2026/03/02 11:17:51 Found audio URL for: Right Now
INFO: 2026/03/02 11:17:52 Converting entry: Hometown, Formats count: 20
INFO: 2026/03/02 11:17:52 Found audio URL for: Hometown
INFO: 2026/03/02 11:17:53 Converting entry: Boys & Girls, Formats count: 26
INFO: 2026/03/02 11:17:53 Found audio URL for: Boys & Girls
INFO: 2026/03/02 11:17:54 Converting entry: The Survivor's March, Formats count: 20
INFO: 2026/03/02 11:17:54 Found audio URL for: The Survivor's March
INFO: 2026/03/02 11:17:55 Converting entry: Opera Glasses, Formats count: 21
INFO: 2026/03/02 11:17:55 Found audio URL for: Opera Glasses
INFO: 2026/03/02 11:17:55 Converting entry: Easter, Formats count: 20
INFO: 2026/03/02 11:17:55 Found audio URL for: Easter
INFO: 2026/03/02 11:17:56 Converting entry: Rolling Stone, Formats count: 20
INFO: 2026/03/02 11:17:56 Found audio URL for: Rolling Stone
INFO: 2026/03/02 11:17:57 Converting entry: Living in the Now, Formats count: 20
INFO: 2026/03/02 11:17:57 Found audio URL for: Living in the Now
INFO: 2026/03/02 11:17:58 Converting entry: Black Out, Formats count: 26
INFO: 2026/03/02 11:17:58 Found audio URL for: Black Out
INFO: 2026/03/02 11:17:59 Converting entry: Fujisawa Loser, Formats count: 20
INFO: 2026/03/02 11:17:59 Found audio URL for: Fujisawa Loser
INFO: 2026/03/02 11:18:00 Converting entry: Love Song of New Century, Formats count: 26
INFO: 2026/03/02 11:18:00 Found audio URL for: Love Song of New Century
INFO: 2026/03/02 11:18:01 Converting entry: I Just Threw Out The Love Of My Dreams, Formats count: 26
INFO: 2026/03/02 11:18:01 Found audio URL for: I Just Threw Out The Love Of My Dreams
INFO: 2026/03/02 11:18:02 Converting entry: You To You, Formats count: 20
INFO: 2026/03/02 11:18:02 Found audio URL for: You To You
INFO: 2026/03/02 11:18:03 Converting entry: ASIAN KUNG-FU GENERATION 『解放区』, Formats count: 26
INFO: 2026/03/02 11:18:03 Found audio URL for: ASIAN KUNG-FU GENERATION 『解放区』
INFO: 2026/03/02 11:18:04 Converting entry: ASIAN KUNG-FU GENERATION 『生者のマーチ』, Formats count: 26
INFO: 2026/03/02 11:18:04 Found audio URL for: ASIAN KUNG-FU GENERATION 『生者のマーチ』
INFO: 2026/03/02 11:18:05 Converting entry: Gimme Hope, Formats count: 20
INFO: 2026/03/02 11:18:05 Found audio URL for: Gimme Hope
INFO: 2026/03/02 11:18:06 Converting entry: C'mon, Formats count: 20
INFO: 2026/03/02 11:18:06 Found audio URL for: C'mon
INFO: 2026/03/02 11:18:07 Converting entry: Be Alright, Formats count: 20
INFO: 2026/03/02 11:18:07 Found audio URL for: Be Alright
INFO: 2026/03/02 11:18:07 Converting entry: All Right, Pt. 2, Formats count: 26
INFO: 2026/03/02 11:18:07 Found audio URL for: All Right, Pt. 2
INFO: 2026/03/02 11:18:08 Converting entry: Standard, Formats count: 20
INFO: 2026/03/02 11:18:08 Found audio URL for: Standard
INFO: 2026/03/02 11:18:09 Successfully parsed 63 tracks
INFO: 2026/03/02 11:18:13 Playback stopped
INFO: 2026/03/02 11:18:13 Starting playback: https://rr2---sn-a2oxu-bg0s.googlevideo.com/videoplayback?expire=1772482631&ei=55ulafH4Gbzp1sQP1saSoQ4&ip=2804%3A868%3Ad054%3Aaa91%3A9188%3Ae4ce%3A2fe8%3A12a9&id=o-ALaAPsOrykg1aae9Y3BcL-Nd7pL41QxmAcMN4ubARoBb&itag=139&source=youtube&requiressl=yes&xpc=EgVo2aDSNQ%3D%3D&cps=307&met=1772461031%2C&mh=4h&mm=31%2C29&mn=sn-a2oxu-bg0s%2Csn-2obg05-co&ms=au%2Crdu&mv=m&mvi=2&pl=54&rms=au%2Cau&gcr=br&initcwndbps=2418750&bui=AVNa5-wmTa9VcXSdeRb7oA7NmMhuXv6j4yoWuhVOSTk9kx0OOnT8DXWoMA3WByJe3d-Xq3whqpzx_D92&spc=6dlaFGuHJtWm&vprv=1&svpuc=1&mime=audio%2Fmp4&rqh=1&gir=yes&clen=1708229&dur=279.905&lmt=1759616610213773&mt=1772457213&fvip=1&keepalive=yes&fexp=51552689%2C51565116%2C51565681%2C51580968%2C51791334&c=ANDROID_VR&txp=1432534&sparams=expire%2Cei%2Cip%2Cid%2Citag%2Csource%2Crequiressl%2Cxpc%2Cgcr%2Cbui%2Cspc%2Cvprv%2Csvpuc%2Cmime%2Crqh%2Cgir%2Cclen%2Cdur%2Clmt&sig=AHEqNM4wRAIgKxQjan5tNPtuA2UzOkLDdJnI_Z3Qwni6DoOnYSwDT4ICICYN2yg56TfoHKPjW9OZoUs8aQH5EzGl3qp0cq54oG1Z&lsparams=cps%2Cmet%2Cmh%2Cmm%2Cmn%2Cms%2Cmv%2Cmvi%2Cpl%2Crms%2Cinitcwndbps&lsig=APaTxxMwRQIhAKvlLQb9qIayYh-PkORd1FJBHcYvYriSediFvwKHqNPHAiADHJtbBX56iIASpMHWGvNOeZiTW04Zl02y4iCa8R2SMA%3D%3D
INFO: 2026/03/02 11:18:13 Playback stopped
INFO: 2026/03/02 11:18:14 Playback started successfully
INFO: 2026/03/02 11:18:17 Playback stopped
INFO: 2026/03/02 11:18:17 Starting playback: https://rr1---sn-a2oxu-bg0l.googlevideo.com/videoplayback?expire=1772482632&ei=6JulafKUK_CjobIP2oLv8QI&ip=2804%3A868%3Ad054%3Aaa91%3A9188%3Ae4ce%3A2fe8%3A12a9&id=o-AE_g1rgIb_9o-EPu3VLtOREKrySTWkkitjuyaPPOZY2C&itag=139&source=youtube&requiressl=yes&xpc=EgVo2aDSNQ%3D%3D&cps=423&met=1772461032%2C&mh=rs&mm=31%2C29&mn=sn-a2oxu-bg0l%2Csn-bg0e6ner&ms=au%2Crdu&mv=m&mvi=1&pl=56&rms=au%2Cau&gcr=br&initcwndbps=2190000&bui=AVNa5-yIIN_iwlh-55NJqo_sxq5eGprSxjHLvIhZmn7TjhoQ5H56KiGd_QYhffq-2cM8KcADmzky1Aei&spc=6dlaFKTp3TTy&vprv=1&svpuc=1&mime=audio%2Fmp4&rqh=1&gir=yes&clen=2027838&dur=332.287&lmt=1721468450126293&mt=1772460814&fvip=5&keepalive=yes&fexp=51552689%2C51565116%2C51565681%2C51580968%2C51791334&c=ANDROID_VR&txp=4432434&sparams=expire%2Cei%2Cip%2Cid%2Citag%2Csource%2Crequiressl%2Cxpc%2Cgcr%2Cbui%2Cspc%2Cvprv%2Csvpuc%2Cmime%2Crqh%2Cgir%2Cclen%2Cdur%2Clmt&sig=AHEqNM4wRgIhALYVZUPicVUxZQ67F7ukZKzMLyVXs_XUCX10PvNaEBa9AiEAo0gkQxZkM7F0VFVcPRZVwuYnQAcGtKLHOHJhWCX_8p0%3D&lsparams=cps%2Cmet%2Cmh%2Cmm%2Cmn%2Cms%2Cmv%2Cmvi%2Cpl%2Crms%2Cinitcwndbps&lsig=APaTxxMwRQIgDahIr_dLqqS7lpdOFMoRjWyWAzfYyC4m3H-ZLd-QHiICIQDvQvL_1QAUbLPaxKCqJRwd7lN_KYaWVU0Nv2e2iiJwJg%3D%3D
INFO: 2026/03/02 11:18:17 Playback stopped
INFO: 2026/03/02 11:18:17 Playback started successfully
INFO: 2026/03/02 11:18:20 Playback stopped
INFO: 2026/03/02 11:18:20 Starting playback: https://rr2---sn-a2oxu-bg0e.googlevideo.com/videoplayback?expire=1772482634&ei=6ZuladGVPLSRobIPy_iEsQk&ip=2804%3A868%3Ad054%3Aaa91%3A9188%3Ae4ce%3A2fe8%3A12a9&id=o-AMf_yoSmbiWUpMeEkcWYdl5ibROk1NsADpxyN03iTFXz&itag=139&source=youtube&requiressl=yes&xpc=EgVo2aDSNQ%3D%3D&cps=480&met=1772461033%2C&mh=xb&mm=31%2C29&mn=sn-a2oxu-bg0e%2Csn-bg0e6ney&ms=au%2Crdu&mv=m&mvi=2&pcm2cms=yes&pl=56&rms=au%2Cau&gcr=br&initcwndbps=2430000&bui=AVNa5-wrboYK8bfjl4mNFZEjXdrzEYMB3YdL4u9EqvAn2NixRO4hpSl8EPSti7ZN_EgV_y16EK3eDrWH&spc=6dlaFB3ed4qq&vprv=1&svpuc=1&mime=audio%2Fmp4&rqh=1&gir=yes&clen=1362199&dur=223.060&lmt=1760081976853370&mt=1772460814&fvip=5&keepalive=yes&fexp=51552689%2C51565116%2C51565681%2C51580968%2C51791334&c=ANDROID_VR&txp=1432534&sparams=expire%2Cei%2Cip%2Cid%2Citag%2Csource%2Crequiressl%2Cxpc%2Cgcr%2Cbui%2Cspc%2Cvprv%2Csvpuc%2Cmime%2Crqh%2Cgir%2Cclen%2Cdur%2Clmt&sig=AHEqNM4wRQIgd3-fwpyQWDAILdIcWRm_CjQff1CatHmfVrq2wiY2qr4CIQDztF5kUMEs66X5-YNg-DJAvQPGlqcq-77rluE7YQntYA%3D%3D&lsparams=cps%2Cmet%2Cmh%2Cmm%2Cmn%2Cms%2Cmv%2Cmvi%2Cpcm2cms%2Cpl%2Crms%2Cinitcwndbps&lsig=APaTxxMwRgIhAKA9t3XjV2GswBa_t9-oHR1Ze8g-BZ1ux5UAsoT5k_v9AiEA5IuN1or3LQqHrIkIWSV_LNCBGuFkDCV9ElVWsI7l4Wg%3D
INFO: 2026/03/02 11:18:20 Playback stopped
INFO: 2026/03/02 11:18:20 Playback started successfully
INFO: 2026/03/02 11:18:24 Playback stopped
INFO: 2026/03/02 11:18:24 Starting playback: https://rr1---sn-a2oxu-bg0s.googlevideo.com/videoplayback?expire=1772482634&ei=6puladuTOtql-LAP6JzGyA4&ip=2804%3A868%3Ad054%3Aaa91%3A9188%3Ae4ce%3A2fe8%3A12a9&id=o-AO3TSR6-ZFBepvOVpmBd2gkpQOHXRczqzkEcTI3tpP7E&itag=139&source=youtube&requiressl=yes&xpc=EgVo2aDSNQ%3D%3D&cps=538&met=1772461034%2C&mh=_f&mm=31%2C29&mn=sn-a2oxu-bg0s%2Csn-bg0e6nls&ms=au%2Crdu&mv=m&mvi=1&pl=56&rms=au%2Cau&gcr=br&initcwndbps=2306250&bui=AVNa5-yTRvSEyO_iN2JCOuVCNZLveg_Z2HpLY32Pos7FrQ-PsRrIe-1BRkn_wPBC7LUmVepd5CK1wtJu&spc=6dlaFBtsRUsN&vprv=1&svpuc=1&mime=audio%2Fmp4&rqh=1&gir=yes&clen=1258119&dur=206.193&lmt=1752183587959546&mt=1772460814&fvip=4&keepalive=yes&fexp=51552689%2C51565116%2C51565681%2C51580968%2C51791334&c=ANDROID_VR&txp=5532534&sparams=expire%2Cei%2Cip%2Cid%2Citag%2Csource%2Crequiressl%2Cxpc%2Cgcr%2Cbui%2Cspc%2Cvprv%2Csvpuc%2Cmime%2Crqh%2Cgir%2Cclen%2Cdur%2Clmt&sig=AHEqNM4wRQIhAKeADhZESoiqQ_Zkfm_EleiAufk45pkgKQctCQE3vin3AiAwwDkJT0wicBINX40RZEPpoteJ76CsMOgR2pQsD0rVBQ%3D%3D&lsparams=cps%2Cmet%2Cmh%2Cmm%2Cmn%2Cms%2Cmv%2Cmvi%2Cpl%2Crms%2Cinitcwndbps&lsig=APaTxxMwRQIgY7RQ9lwuKqrhSJlU4Nu2XPV8xpX786GgTkqvcqAbfosCIQCr9UlKwW8b61b0btsl6n7yuBUiW2bNzg23FWilthffzw%3D%3D
INFO: 2026/03/02 11:18:24 Playback stopped
INFO: 2026/03/02 11:18:24 Playback finished
INFO: 2026/03/02 11:18:24 Playback started successfully
INFO: 2026/03/02 11:18:27 Playback stopped
INFO: 2026/03/02 11:18:27 Starting playback: https://rr1---sn-a2oxu-bg0s.googlevideo.com/videoplayback?expire=1772482635&ei=65ulaea9OMTY1sQP4MD4WA&ip=2804%3A868%3Ad054%3Aaa91%3A9188%3Ae4ce%3A2fe8%3A12a9&id=o-AFNCSSz3Ohd90YOpBFtAwTvoz1lcrPDKDFdnWhTZyd9p&itag=139&source=youtube&requiressl=yes&xpc=EgVo2aDSNQ%3D%3D&cps=204&met=1772461035%2C&mh=cz&mm=31%2C29&mn=sn-a2oxu-bg0s%2Csn-bg0s7nlr&ms=au%2Crdu&mv=m&mvi=1&pl=54&rms=au%2Cau&gcr=br&initcwndbps=2418750&bui=AVNa5-wgXTfSWHvyyuBodV2i9OugNTV4B2tYRJKGEPfvYiUF4H-UJa3T9CVNATJaecLJ2W3vdyQlK6E3&spc=6dlaFBve0T0P&vprv=1&svpuc=1&mime=audio%2Fmp4&rqh=1&gir=yes&clen=986135&dur=161.453&lmt=1634526289019623&mt=1772457213&fvip=1&keepalive=yes&fexp=51552689%2C51565116%2C51565681%2C51580968%2C51791334&c=ANDROID_VR&txp=2311224&sparams=expire%2Cei%2Cip%2Cid%2Citag%2Csource%2Crequiressl%2Cxpc%2Cgcr%2Cbui%2Cspc%2Cvprv%2Csvpuc%2Cmime%2Crqh%2Cgir%2Cclen%2Cdur%2Clmt&sig=AHEqNM4wRQIgYVky6WXlc1IyNh8TOAohTtk_8dSe2ICJ-ShhwxgUblMCIQC-D0MYg1N2JiE5KdvJjqj5U-kx1T1eYBklNOVzGaQERA%3D%3D&lsparams=cps%2Cmet%2Cmh%2Cmm%2Cmn%2Cms%2Cmv%2Cmvi%2Cpl%2Crms%2Cinitcwndbps&lsig=APaTxxMwRgIhAKqwsTggwF22NGtWzPes6eVgqUvwUBWDACEOVkR9mydVAiEAuoqMh_65IW21QbD2zfJyeBO3TH7B4EW04XdXsVF51hY%3D
INFO: 2026/03/02 11:18:27 Playback stopped
INFO: 2026/03/02 11:18:28 Playback started successfully
INFO: 2026/03/02 11:20:07 Playback stopped
INFO: 2026/03/02 11:20:07 Starting playback: https://rr2---sn-bg0s7n76.googlevideo.com/videoplayback?expire=1772482636&ei=7Julaa6VOt-I4dUPk_eGwQw&ip=2804%3A868%3Ad054%3Aaa91%3A9188%3Ae4ce%3A2fe8%3A12a9&id=o-AA2OA94LeOLrCXkRS9BYijVldqk1mCPk82Qb_7RXpkr7&itag=139&source=youtube&requiressl=yes&xpc=EgVo2aDSNQ%3D%3D&cps=212&met=1772461036%2C&mh=6_&mm=31%2C29&mn=sn-bg0s7n76%2Csn-bg0e6nls&ms=au%2Crdu&mv=m&mvi=2&pl=56&rms=au%2Cau&gcr=br&initcwndbps=1415000&bui=AVNa5-yKsbP4ZjO0-PMQw8eezEgpWWLIqPw9nDT1-LEPAWj4JRT1AxM7bg5kg_5vfp4ZWmZ2owTKXANC&spc=6dlaFNd3YDRE&vprv=1&svpuc=1&mime=audio%2Fmp4&rqh=1&gir=yes&clen=1736515&dur=284.466&lmt=1626760414018042&mt=1772460814&fvip=1&keepalive=yes&fexp=51552689%2C51565116%2C51565681%2C51580968%2C51791334&c=ANDROID_VR&txp=2311224&sparams=expire%2Cei%2Cip%2Cid%2Citag%2Csource%2Crequiressl%2Cxpc%2Cgcr%2Cbui%2Cspc%2Cvprv%2Csvpuc%2Cmime%2Crqh%2Cgir%2Cclen%2Cdur%2Clmt&sig=AHEqNM4wRQIgK4NlX4vaxGDAyGhFeM4Xn2W7dMQKSL4AGI8xqiS_avYCIQCEa7qCleivqiMLLihMP2BTdot-YfCqacIgdJGY_W_lTA%3D%3D&lsparams=cps%2Cmet%2Cmh%2Cmm%2Cmn%2Cms%2Cmv%2Cmvi%2Cpl%2Crms%2Cinitcwndbps&lsig=APaTxxMwRAIgTR4M9xgmjUjaYF564xeFv5eUdW3_SbEACJ5iRBCHOn4CIFoI9yJ6CsP-htY-JacupXpFsFCkPbyp_GvKNiF64dLY
INFO: 2026/03/02 11:20:07 Playback stopped
INFO: 2026/03/02 11:20:07 Playback started successfully
INFO: 2026/03/02 11:20:31 Playback stopped
INFO: 2026/03/02 11:20:31 Starting playback: https://rr1---sn-a2oxu-bg0s.googlevideo.com/videoplayback?expire=1772482637&ei=7ZulabulNL_01sQPk7ufGA&ip=2804%3A868%3Ad054%3Aaa91%3A9188%3Ae4ce%3A2fe8%3A12a9&id=o-ANvQaDtuKH3GBj-RvssDXM0CVuGlNIKalp3sredF2xs_&itag=139&source=youtube&requiressl=yes&xpc=EgVo2aDSNQ%3D%3D&cps=196&met=1772461037%2C&mh=Rm&mm=31%2C29&mn=sn-a2oxu-bg0s%2Csn-bg0s7n7k&ms=au%2Crdu&mv=m&mvi=1&pl=54&rms=au%2Cau&gcr=br&initcwndbps=2418750&bui=AVNa5-z0_sZ-GHYgpxULn_5buzYHMBxCtSQ1SXLujvql7ZCa9Xi2ZxPqp-YAPz3dxOqgCidlyjpADosU&spc=6dlaFIL_y3oC&vprv=1&svpuc=1&mime=audio%2Fmp4&rqh=1&gir=yes&clen=1721705&dur=282.031&lmt=1600864945958852&mt=1772457213&fvip=4&keepalive=yes&fexp=51552689%2C51565116%2C51565681%2C51580968%2C51791334&c=ANDROID_VR&txp=2311222&sparams=expire%2Cei%2Cip%2Cid%2Citag%2Csource%2Crequiressl%2Cxpc%2Cgcr%2Cbui%2Cspc%2Cvprv%2Csvpuc%2Cmime%2Crqh%2Cgir%2Cclen%2Cdur%2Clmt&sig=AHEqNM4wRQIgKM_6yD5ouebxp78FIl6nNnOaXwtAS06GVfd5JjuKy2gCIQDgTO249-6ZJXW8cVeYsn7_6VJKm9LqacOUBthGndEjWA%3D%3D&lsparams=cps%2Cmet%2Cmh%2Cmm%2Cmn%2Cms%2Cmv%2Cmvi%2Cpl%2Crms%2Cinitcwndbps&lsig=APaTxxMwRQIgIU2eygZ1wB0ejZxCcnnD-3melMjlI_wUYwoAq_HjjR8CIQCFP1AwY6gsa8JB2-LF1_3GZV7Hl6tnAfG1mRH9pD5ZmQ%3D%3D
INFO: 2026/03/02 11:20:31 Playback stopped
INFO: 2026/03/02 11:20:32 Playback started successfully
INFO: 2026/03/02 11:21:52 Playback stopped
INFO: 2026/03/02 11:21:53 Starting playback: https://rr1---sn-a2oxu-bg0l.googlevideo.com/videoplayback?expire=1772482638&ei=7pulac70NJisobIPpbeN-Qg&ip=2804%3A868%3Ad054%3Aaa91%3A9188%3Ae4ce%3A2fe8%3A12a9&id=o-AJ4yD0c5UQr_sAhUf5rGF7vTZUXwZmP_xkISUk6dgssJ&itag=139&source=youtube&requiressl=yes&xpc=EgVo2aDSNQ%3D%3D&cps=297&met=1772461038%2C&mh=R5&mm=31%2C29&mn=sn-a2oxu-bg0l%2Csn-bg0e6nee&ms=au%2Crdu&mv=m&mvi=1&pcm2cms=yes&pl=56&rms=au%2Cau&gcr=br&initcwndbps=2190000&bui=AVNa5-x7pz5Y-acxS95NPJRdBo-Ej1STc9aIraPhRgLItkwmogi8-OoULOFqaGFBS7MEAWded0S9BnN-&spc=6dlaFFtyxOzW&vprv=1&svpuc=1&mime=audio%2Fmp4&rqh=1&gir=yes&clen=1358991&dur=222.545&lmt=1759832750702071&mt=1772460814&fvip=5&keepalive=yes&fexp=51552689%2C51565116%2C51565681%2C51580968%2C51791334&c=ANDROID_VR&txp=1432534&sparams=expire%2Cei%2Cip%2Cid%2Citag%2Csource%2Crequiressl%2Cxpc%2Cgcr%2Cbui%2Cspc%2Cvprv%2Csvpuc%2Cmime%2Crqh%2Cgir%2Cclen%2Cdur%2Clmt&sig=AHEqNM4wRQIgSH8_09_4PQ-1YkqA3JCkTjOcVMQpH4-JECW9rSnxrFICIQD379OgSFrcrxH0zXoyfNuQf80vWfb-9tuZXjuSgdVs2A%3D%3D&lsparams=cps%2Cmet%2Cmh%2Cmm%2Cmn%2Cms%2Cmv%2Cmvi%2Cpcm2cms%2Cpl%2Crms%2Cinitcwndbps&lsig=APaTxxMwRQIhAOKVwx9zr8JIlfTSXEY4UNUQGq5OEPApiPd-S3Uj-1oXAiBXRG1504I9MJBW0zNTQ09CJZEVb69WQZc2-JOGMQptmA%3D%3D
INFO: 2026/03/02 11:21:53 Playback stopped
INFO: 2026/03/02 11:21:53 Playback started successfully
INFO: 2026/03/02 11:25:35 Playback finished
INFO: 2026/03/02 11:25:35 Starting playback: https://rr1---sn-a2oxu-bg0s.googlevideo.com/videoplayback?expire=1772482639&ei=75ulafWtNpWbobIP0IHh-Aw&ip=2804%3A868%3Ad054%3Aaa91%3A9188%3Ae4ce%3A2fe8%3A12a9&id=o-AD4mWFzeUAu4v9orHUysrO4PiLr-uwR7ISSM6Ss2GcO8&itag=139&source=youtube&requiressl=yes&xpc=EgVo2aDSNQ%3D%3D&cps=281&met=1772461039%2C&mh=B2&mm=31%2C29&mn=sn-a2oxu-bg0s%2Csn-bg0s7nly&ms=au%2Crdu&mv=m&mvi=1&pl=56&rms=au%2Cau&gcr=br&initcwndbps=2306250&bui=AVNa5-xaFfMq2isadtgBC1a_m57WF7tQn_2xMJq-d_cqpiqxbJU6XUYe9fyL7F_IZRb9g04caI8mKC3J&spc=6dlaFEJ-CEXN&vprv=1&svpuc=1&mime=audio%2Fmp4&rqh=1&gir=yes&clen=1812590&dur=296.952&lmt=1634039483678122&mt=1772460814&fvip=3&keepalive=yes&fexp=51552689%2C51565116%2C51565681%2C51580968%2C51791334&c=ANDROID_VR&txp=2311224&sparams=expire%2Cei%2Cip%2Cid%2Citag%2Csource%2Crequiressl%2Cxpc%2Cgcr%2Cbui%2Cspc%2Cvprv%2Csvpuc%2Cmime%2Crqh%2Cgir%2Cclen%2Cdur%2Clmt&sig=AHEqNM4wRQIgUFghMu8AkSxbxR_2SqTrmCIZMPuxUwuLmmq-h1qU_zwCIQD33Naa8MTma9I-n5a2C-uhsasNFqB76UMk4AxGPI2Teg%3D%3D&lsparams=cps%2Cmet%2Cmh%2Cmm%2Cmn%2Cms%2Cmv%2Cmvi%2Cpl%2Crms%2Cinitcwndbps&lsig=APaTxxMwRQIhAMQDAE0ngBQaqO6rHl9BqCN51aDd-XxagAZzsRtwXui0AiBp6J2fG2iNVnS9uu0yzfPOeQniTTXQl6jSGoX2iB3yUw%3D%3D
INFO: 2026/03/02 11:25:35 Playback stopped
INFO: 2026/03/02 11:25:36 Playback started successfully
INFO: 2026/03/02 11:27:46 Playback stopped
INFO: 2026/03/02 11:27:47 Starting playback: https://rr1---sn-a2oxu-bg0s.googlevideo.com/videoplayback?expire=1772482640&ei=8JulaeSuKub6-LAPhoPC4Ag&ip=2804%3A868%3Ad054%3Aaa91%3A9188%3Ae4ce%3A2fe8%3A12a9&id=o-AK9dQX2DyzmxxlpHLyG1Quwz7poPK2mkzYoBjwWVKBUw&itag=139&source=youtube&requiressl=yes&xpc=EgVo2aDSNQ%3D%3D&cps=202&met=1772461040%2C&mh=sI&mm=31%2C29&mn=sn-a2oxu-bg0s%2Csn-bg0s7n7d&ms=au%2Crdu&mv=m&mvi=1&pl=54&rms=au%2Cau&gcr=br&initcwndbps=2418750&bui=AVNa5-zobNLb2ShjJR4r3HnW_9zF60t-8xkVEKQfstzUjmw9JnfPrhPC8fcnO4z6UHhYP93Nvzcxe1g1&spc=6dlaFPdLLboS&vprv=1&svpuc=1&mime=audio%2Fmp4&rqh=1&gir=yes&clen=1947205&dur=318.893&lmt=1634480328452186&mt=1772457213&fvip=5&keepalive=yes&fexp=51552689%2C51565116%2C51565681%2C51580968%2C51791334&c=ANDROID_VR&txp=2311224&sparams=expire%2Cei%2Cip%2Cid%2Citag%2Csource%2Crequiressl%2Cxpc%2Cgcr%2Cbui%2Cspc%2Cvprv%2Csvpuc%2Cmime%2Crqh%2Cgir%2Cclen%2Cdur%2Clmt&sig=AHEqNM4wRAIgMGLE_Yqua3lSAO4REPJiobUdAZZvbio2OT9YDSCowPYCIG2XYlHEFNI_I5YFrCf-bkMcfoC9ifpyyeZw0TlqYVzE&lsparams=cps%2Cmet%2Cmh%2Cmm%2Cmn%2Cms%2Cmv%2Cmvi%2Cpl%2Crms%2Cinitcwndbps&lsig=APaTxxMwRgIhAMHN9c8TlrC_57P2kcp4OvTdjxjLUEFesgJ7D4iAcr4EAiEAydajpaWeL4Uwp4u-wvw4-qLFVe5yWvP6YowsuaOjPvY%3D
INFO: 2026/03/02 11:27:47 Playback stopped
INFO: 2026/03/02 11:27:47 Playback started successfully
INFO: 2026/03/02 11:27:48 Playback stopped
INFO: 2026/03/02 11:27:48 Starting playback: https://rr2---sn-a2oxu-bg0s.googlevideo.com/videoplayback?expire=1772482641&ei=8ZulacziI6be1sQPqPL-kA8&ip=2804%3A868%3Ad054%3Aaa91%3A9188%3Ae4ce%3A2fe8%3A12a9&id=o-AMkF3vCWZUjmfkzVJWcTyhCZybGLZ-HNjUMiiB1tDIQQ&itag=139&source=youtube&requiressl=yes&xpc=EgVo2aDSNQ%3D%3D&cps=195&met=1772461041%2C&mh=mN&mm=31%2C29&mn=sn-a2oxu-bg0s%2Csn-bg0s7ns6&ms=au%2Crdu&mv=m&mvi=2&pcm2cms=yes&pl=54&rms=au%2Cau&gcr=br&initcwndbps=2418750&bui=AVNa5-zEVluLZTPR58eIm4DibR3i9CfEVlJgqIUo6y-fGPx0WdPoY67aOPSeRATH-VW4ighabE3vH3BE&spc=6dlaFD0pWzaU&vprv=1&svpuc=1&mime=audio%2Fmp4&rqh=1&gir=yes&clen=1706371&dur=279.506&lmt=1600865063616166&mt=1772457213&fvip=4&keepalive=yes&fexp=51552689%2C51565116%2C51565681%2C51580968%2C51791334&c=ANDROID_VR&txp=2311222&sparams=expire%2Cei%2Cip%2Cid%2Citag%2Csource%2Crequiressl%2Cxpc%2Cgcr%2Cbui%2Cspc%2Cvprv%2Csvpuc%2Cmime%2Crqh%2Cgir%2Cclen%2Cdur%2Clmt&sig=AHEqNM4wRgIhAKk-2rvBlTSOmpYqlfV7gNrAryNiK2mRrBywrp1mlnNEAiEAsjgUGVQuuEF6C5AgLgYhN5G0sU4dCO52O3GpqhwwO_Y%3D&lsparams=cps%2Cmet%2Cmh%2Cmm%2Cmn%2Cms%2Cmv%2Cmvi%2Cpcm2cms%2Cpl%2Crms%2Cinitcwndbps&lsig=APaTxxMwRAIgDRM6Oi8u9EWZ0VgX6V6_W784CTAfaRq2kQgCOXmv1uECIGPTVlVEypt9LiNg2GrXSbjGhOdMSHsPpLpBKutDgp7_
INFO: 2026/03/02 11:27:48 Playback stopped
INFO: 2026/03/02 11:27:49 Playback started successfully
INFO: 2026/03/02 11:27:49 Playback stopped
INFO: 2026/03/02 11:27:50 Starting playback: https://rr2---sn-a2oxu-bg0s.googlevideo.com/videoplayback?expire=1772482642&ei=8puladH1GteJ4dUP29_agQU&ip=2804%3A868%3Ad054%3Aaa91%3A9188%3Ae4ce%3A2fe8%3A12a9&id=o-AGaGoroi6hg7goAunQbZsUB43D5P9wozd8sOXVCqodP0&itag=139&source=youtube&requiressl=yes&xpc=EgVo2aDSNQ%3D%3D&cps=214&met=1772461042%2C&mh=tw&mm=31%2C29&mn=sn-a2oxu-bg0s%2Csn-bg0e6nee&ms=au%2Crdu&mv=m&mvi=2&pl=54&rms=au%2Cau&gcr=br&initcwndbps=2418750&bui=AVNa5-zaKh37Cyl-9v8us8fBoL_WlHTo-YBmlDp4xvrGu593gn7EWLEItovLog8SKTuiHCXGj1-Uu1FA&spc=6dlaFKjvFJUE&vprv=1&svpuc=1&mime=audio%2Fmp4&rqh=1&gir=yes&clen=1190144&dur=194.829&lmt=1634615008893715&mt=1772457213&fvip=3&keepalive=yes&fexp=51552689%2C51565116%2C51565681%2C51580968%2C51791334&c=ANDROID_VR&txp=2311224&sparams=expire%2Cei%2Cip%2Cid%2Citag%2Csource%2Crequiressl%2Cxpc%2Cgcr%2Cbui%2Cspc%2Cvprv%2Csvpuc%2Cmime%2Crqh%2Cgir%2Cclen%2Cdur%2Clmt&sig=AHEqNM4wRQIgEPK3BSXNJCIuTMg_N2lNzumAyahT6X8fSlnIZH_QZowCIQDmJ656k9DMCSUlnAyp2bu0Wmhu2PnBVQb9w-8qrZPVkQ%3D%3D&lsparams=cps%2Cmet%2Cmh%2Cmm%2Cmn%2Cms%2Cmv%2Cmvi%2Cpl%2Crms%2Cinitcwndbps&lsig=APaTxxMwRgIhAIIFHX4ZJuhcz9Q8Ehx9W_M3HN6lnF5z4Zn5tF4C54TbAiEA9TnlE4n3a0RMYr9FzZ5s_Pjl81NkMFLojGiHmvPm75I%3D
INFO: 2026/03/02 11:27:50 Playback stopped
INFO: 2026/03/02 11:27:51 Playback started successfully
INFO: 2026/03/02 11:27:51 Playback stopped
INFO: 2026/03/02 11:27:51 Starting playback: https://rr1---sn-a2oxu-bg0s.googlevideo.com/videoplayback?expire=1772482643&ei=85uladPdD5e0obIPuZOt6AI&ip=2804%3A868%3Ad054%3Aaa91%3A9188%3Ae4ce%3A2fe8%3A12a9&id=o-AGPN8y3qD5xilT8eoBnJd-ugRPSJE6VKmbhyENMDbWOm&itag=139&source=youtube&requiressl=yes&xpc=EgVo2aDSNQ%3D%3D&cps=265&met=1772461043%2C&mh=m-&mm=31%2C29&mn=sn-a2oxu-bg0s%2Csn-bg0e6ne6&ms=au%2Crdu&mv=m&mvi=1&pl=54&rms=au%2Cau&gcr=br&initcwndbps=2418750&bui=AVNa5-wwWhGgC0zdif0V2_AKfErkNm2OZJAZU6i1VgaykAXVNYBBaSng1Pj5onKcGDISddqiiiNrMHZp&spc=6dlaFM5UY99C&vprv=1&svpuc=1&mime=audio%2Fmp4&rqh=1&gir=yes&clen=1620909&dur=265.386&lmt=1634557113390655&mt=1772457213&fvip=3&keepalive=yes&fexp=51552689%2C51565116%2C51565681%2C51580968%2C51791334&c=ANDROID_VR&txp=2311224&sparams=expire%2Cei%2Cip%2Cid%2Citag%2Csource%2Crequiressl%2Cxpc%2Cgcr%2Cbui%2Cspc%2Cvprv%2Csvpuc%2Cmime%2Crqh%2Cgir%2Cclen%2Cdur%2Clmt&sig=AHEqNM4wRQIgXvCct0LhMmiMlCXMXJJaJadjCfDyICtTzfzZdbtLHDwCIQDKbWf80Oc7Y5B0TiIbr231I3DJvd-bkNeZZ48d78PnkA%3D%3D&lsparams=cps%2Cmet%2Cmh%2Cmm%2Cmn%2Cms%2Cmv%2Cmvi%2Cpl%2Crms%2Cinitcwndbps&lsig=APaTxxMwRQIgX_EVJBaxdXA1IgjCehiUvVvQbQ0o7e_6s5_v7TCcu4kCIQCLvcXs9sONBZ4vz4rF8p3fBexdBLe3sO0Qwft-u3jgvQ%3D%3D
INFO: 2026/03/02 11:27:51 Playback stopped
INFO: 2026/03/02 11:27:52 Playback started successfully
INFO: 2026/03/02 11:27:52 Playback stopped
INFO: 2026/03/02 11:27:52 Starting playback: https://rr1---sn-a2oxu-bg0l.googlevideo.com/videoplayback?expire=1772482644&ei=9JulafatCuGj-LAP3dir4Qk&ip=2804%3A868%3Ad054%3Aaa91%3A9188%3Ae4ce%3A2fe8%3A12a9&id=o-AIzmKOdJTSOkoIWIGeAdwNDqhpynQvVmmEmZwQZd1LZo&itag=139&source=youtube&requiressl=yes&xpc=EgVo2aDSNQ%3D%3D&cps=211&met=1772461044%2C&mh=em&mm=31%2C29&mn=sn-a2oxu-bg0l%2Csn-bg0s7nlk&ms=au%2Crdu&mv=m&mvi=1&pl=54&rms=au%2Cau&gcr=br&initcwndbps=2553750&bui=AVNa5-zVgJPxquJ9YxED0jSsG0tUgccrGDlRRpVBmc8UhvbSVwq0ZXnJjl59LAchO6GeDfAryQpPlDui&spc=6dlaFHrPHqZy&vprv=1&svpuc=1&mime=audio%2Fmp4&rqh=1&gir=yes&clen=1554438&dur=254.645&lmt=1634534277703720&mt=1772457213&fvip=3&keepalive=yes&fexp=51552689%2C51565116%2C51565681%2C51580968%2C51791334&c=ANDROID_VR&txp=2311224&sparams=expire%2Cei%2Cip%2Cid%2Citag%2Csource%2Crequiressl%2Cxpc%2Cgcr%2Cbui%2Cspc%2Cvprv%2Csvpuc%2Cmime%2Crqh%2Cgir%2Cclen%2Cdur%2Clmt&sig=AHEqNM4wRAIgbi1vn9Sg2eFc-7sLNd3B85PebaPWQmVxIwYzQG4EvpcCICkyJeQX5Q89KPJYq1KAnqbwsuvxYsq6lqQtXHTaIwuM&lsparams=cps%2Cmet%2Cmh%2Cmm%2Cmn%2Cms%2Cmv%2Cmvi%2Cpl%2Crms%2Cinitcwndbps&lsig=APaTxxMwRAIgKTtWpK8Q3xQaTHN5GrdJIeiIZbdFZU3wk1tQx8i5dYgCIEoeKjBmSE2gtL829ebh5LRw9S2slQ2OOn1hWYWOwzBa
INFO: 2026/03/02 11:27:52 Playback stopped
INFO: 2026/03/02 11:27:53 Playback started successfully
INFO: 2026/03/02 11:27:53 Playback stopped
INFO: 2026/03/02 11:27:54 Starting playback: https://rr2---sn-a2oxu-bg0e.googlevideo.com/videoplayback?expire=1772482645&ei=9ZulaYmLAZyZobIPnLiGCQ&ip=2804%3A868%3Ad054%3Aaa91%3A9188%3Ae4ce%3A2fe8%3A12a9&id=o-AEM22J1OV2QfbjlAbi3drnlMqb76EZsGB05aZwdJytnl&itag=139&source=youtube&requiressl=yes&xpc=EgVo2aDSNQ%3D%3D&cps=0&met=1772461045%2C&mh=bf&mm=31%2C29&mn=sn-a2oxu-bg0e%2Csn-bg0e6nlz&ms=au%2Crdu&mv=m&mvi=2&pcm2cms=yes&pl=54&rms=au%2Cau&gcr=br&initcwndbps=2486250&bui=AVNa5-zznxFJcjvzTC4G8QA7ARXkVUH5ftptfuN1k7PQu922zkrCZBRBKbNetH23H3k_GVN66xlsD-Zo&spc=6dlaFO2RJehR&vprv=1&svpuc=1&mime=audio%2Fmp4&rqh=1&gir=yes&clen=1130260&dur=185.053&lmt=1634468997995903&mt=1772457213&fvip=2&keepalive=yes&fexp=51552689%2C51565116%2C51565681%2C51580968%2C51791334&c=ANDROID_VR&txp=2311224&sparams=expire%2Cei%2Cip%2Cid%2Citag%2Csource%2Crequiressl%2Cxpc%2Cgcr%2Cbui%2Cspc%2Cvprv%2Csvpuc%2Cmime%2Crqh%2Cgir%2Cclen%2Cdur%2Clmt&sig=AHEqNM4wRQIgSco7lUfr3BJ4ss0AgbGMKN79LWzHue3kjs4sPl-PKsgCIQCgWj-qXMngBWUkQlMFRq1miPz9vs6_-clGhIpvKttcBA%3D%3D&lsparams=cps%2Cmet%2Cmh%2Cmm%2Cmn%2Cms%2Cmv%2Cmvi%2Cpcm2cms%2Cpl%2Crms%2Cinitcwndbps&lsig=APaTxxMwRgIhANxxAz6MNdJOFwfSVhvMPigV9Ypv8Vu3GLwCEDSNMdB7AiEAktyxn5MywaTlWzEznk7JPljmXUyrwp8yM1mGwVyv_CI%3D
INFO: 2026/03/02 11:27:54 Playback stopped
INFO: 2026/03/02 11:27:54 Playback started successfully
INFO: 2026/03/02 11:27:55 Playback stopped
INFO: 2026/03/02 11:27:56 Starting playback: https://rr2---sn-a2oxu-bg0s.googlevideo.com/videoplayback?expire=1772482645&ei=9ZulaaSsNvqP-LAPh8Ss-AI&ip=2804%3A868%3Ad054%3Aaa91%3A9188%3Ae4ce%3A2fe8%3A12a9&id=o-AAuE2D1OOBMmfUxjrnoxfalyuAWThH9A4npEdMSL2xfQ&itag=139&source=youtube&requiressl=yes&xpc=EgVo2aDSNQ%3D%3D&cps=51&met=1772461045%2C&mh=9s&mm=31%2C29&mn=sn-a2oxu-bg0s%2Csn-bg0e6nel&ms=au%2Crdu&mv=m&mvi=2&pl=54&rms=au%2Cau&gcr=br&initcwndbps=2418750&bui=AVNa5-xB-5R6YBlNZMM-1N6fQC03LIZB8Voft1idnxrXC2rheRXYUet7Y8IPnN83x38egGdtwPWqrzvb&spc=6dlaFJHJr0Z8&vprv=1&svpuc=1&mime=audio%2Fmp4&rqh=1&gir=yes&clen=1068517&dur=174.933&lmt=1634618980835129&mt=1772457213&fvip=1&keepalive=yes&fexp=51552689%2C51565116%2C51565681%2C51580968%2C51791334&c=ANDROID_VR&txp=2311224&sparams=expire%2Cei%2Cip%2Cid%2Citag%2Csource%2Crequiressl%2Cxpc%2Cgcr%2Cbui%2Cspc%2Cvprv%2Csvpuc%2Cmime%2Crqh%2Cgir%2Cclen%2Cdur%2Clmt&sig=AHEqNM4wRQIgVjeX-RMtfVa6TCi9VCY1nQK7oMX2s9t-ML5WTwb2pF0CIQDcj8dbA-flgef87NXXVlLs85Sw51rfcjrCRiWoR12GWQ%3D%3D&lsparams=cps%2Cmet%2Cmh%2Cmm%2Cmn%2Cms%2Cmv%2Cmvi%2Cpl%2Crms%2Cinitcwndbps&lsig=APaTxxMwRgIhAKoK8dzLjs7GVXAaNqSpJu4pJEhK0pDwe3eN3RMC_A1jAiEAtT_s4-kZNM6hBJG6TRnfeMJfO3Ol8K439xWz_365BlI%3D
INFO: 2026/03/02 11:27:56 Playback stopped
INFO: 2026/03/02 11:27:56 Playback started successfully
INFO: 2026/03/02 11:27:57 Playback stopped
INFO: 2026/03/02 11:27:57 Starting playback: https://rr1---sn-a2oxu-bg0e.googlevideo.com/videoplayback?expire=1772482647&ei=95ulaeGcAdWjobIPl7yE-Qw&ip=2804%3A868%3Ad054%3Aaa91%3A9188%3Ae4ce%3A2fe8%3A12a9&id=o-AGMgAv4hnqwYlSfqop-H9k2NSz6QcLvu9OcQa8Eis-pw&itag=139&source=youtube&requiressl=yes&xpc=EgVo2aDSNQ%3D%3D&cps=156&met=1772461047%2C&mh=iH&mm=31%2C29&mn=sn-a2oxu-bg0e%2Csn-bg0e6nlz&ms=au%2Crdu&mv=m&mvi=1&pcm2cms=yes&pl=56&rms=au%2Cau&gcr=br&initcwndbps=2430000&bui=AVNa5-yU504KMmb1s00nJqp7z43HI6LEe2yc508Ec8FOLdKsMZwBBFjdoFbJ5l9Zp3ZvX_6Am67fyw4a&spc=6dlaFDRY2fgx&vprv=1&svpuc=1&mime=audio%2Fmp4&rqh=1&gir=yes&clen=1565617&dur=256.426&lmt=1634044205703935&mt=1772460814&fvip=2&keepalive=yes&fexp=51552689%2C51565116%2C51565681%2C51580968%2C51791334&c=ANDROID_VR&txp=2311224&sparams=expire%2Cei%2Cip%2Cid%2Citag%2Csource%2Crequiressl%2Cxpc%2Cgcr%2Cbui%2Cspc%2Cvprv%2Csvpuc%2Cmime%2Crqh%2Cgir%2Cclen%2Cdur%2Clmt&sig=AHEqNM4wRgIhAIYfDPxAJg70g9WjzTKcFi5HtdklN4KaO9xpFFwj5uTJAiEAsRh31ntwZOdT-cF_WUN6qzCMSOsHKUPo6sx1wVMGn20%3D&lsparams=cps%2Cmet%2Cmh%2Cmm%2Cmn%2Cms%2Cmv%2Cmvi%2Cpcm2cms%2Cpl%2Crms%2Cinitcwndbps&lsig=APaTxxMwRQIgPGl2eRcYvljieqRO-_RQ_5Los6ohOmyWZJxIQTBt5QACIQCEokXP5zslIJ1BIGYX3nSi-CPm-myYUHdV7bClDEwaQA%3D%3D
INFO: 2026/03/02 11:27:57 Playback stopped
INFO: 2026/03/02 11:27:58 Playback started successfully
INFO: 2026/03/02 11:27:59 Playback stopped
INFO: 2026/03/02 11:27:59 Starting playback: https://rr4---sn-a2oxu-bg0e.googlevideo.com/videoplayback?expire=1772482647&ei=95uladj2Obyg-LAPsvjJ2A0&ip=2804%3A868%3Ad054%3Aaa91%3A9188%3Ae4ce%3A2fe8%3A12a9&id=o-ACJ6Y9xV9-f1RJ_Tuw1fBwxk58itCgu_nqcD2QzJc7m6&itag=139&source=youtube&requiressl=yes&xpc=EgVo2aDSNQ%3D%3D&cps=124&met=1772461047%2C&mh=iV&mm=31%2C29&mn=sn-a2oxu-bg0e%2Csn-bg0e6nes&ms=au%2Crdu&mv=m&mvi=4&pcm2cms=yes&pl=56&rms=au%2Cau&gcr=br&initcwndbps=2430000&bui=AVNa5-zUnJzOJ2DdsLRDoh_mTwrkwsA78joxdPeAOOEg82n8qTMZcNQniuSz8XP_dspdnEW0eHXj36uP&spc=6dlaFGV1rreA&vprv=1&svpuc=1&mime=audio%2Fmp4&rqh=1&gir=yes&clen=1241480&dur=203.239&lmt=1634640028529663&mt=1772460814&fvip=2&keepalive=yes&fexp=51552689%2C51565116%2C51565681%2C51580968%2C51791334&c=ANDROID_VR&txp=2311224&sparams=expire%2Cei%2Cip%2Cid%2Citag%2Csource%2Crequiressl%2Cxpc%2Cgcr%2Cbui%2Cspc%2Cvprv%2Csvpuc%2Cmime%2Crqh%2Cgir%2Cclen%2Cdur%2Clmt&sig=AHEqNM4wRgIhAMSQDpEAgla6cVv7rJUjtIkU0T9gZL0VCYyyNNtu6UjYAiEAhMuvl_qH6u6yUGioa7mSdv8vxull5s1zmFG8EiC5xrY%3D&lsparams=cps%2Cmet%2Cmh%2Cmm%2Cmn%2Cms%2Cmv%2Cmvi%2Cpcm2cms%2Cpl%2Crms%2Cinitcwndbps&lsig=APaTxxMwRQIgUCMeKe_kbK_GHLW-1HzcCIvqPRriENXJrfvFD6--YegCIQCDCvi9BpB61flNoo7m4KfGdbGumuYRRy6tjxao745C-w%3D%3D
INFO: 2026/03/02 11:27:59 Playback stopped
INFO: 2026/03/02 11:27:59 Playback started successfully
INFO: 2026/03/02 11:28:00 Playback stopped
INFO: 2026/03/02 11:28:00 Starting playback: https://rr5---sn-bg0e6nle.googlevideo.com/videoplayback?expire=1772482648&ei=-JulafLSL6yR-LAPrabi0Q0&ip=2804%3A868%3Ad054%3Aaa91%3A9188%3Ae4ce%3A2fe8%3A12a9&id=o-AGymFmcmcnXG0SJg7m5bH1u1VEG-iKK6zUAqRvUUBg7s&itag=139&source=youtube&requiressl=yes&xpc=EgVo2aDSNQ%3D%3D&cps=195&met=1772461048%2C&mh=bH&mm=31%2C26&mn=sn-bg0e6nle%2Csn-gpv7kn7r&ms=au%2Conr&mv=m&mvi=5&pl=54&rms=au%2Cau&gcr=br&initcwndbps=1147500&bui=AVNa5-wUviNFJGX93X9-NSgVd1d0TuP6MjLL3rInU4oqmJErul2jyEJPJSYUv5NtmU5SN4lQAHArSakS&spc=6dlaFPKm-4Ks&vprv=1&svpuc=1&mime=audio%2Fmp4&rqh=1&gir=yes&clen=1176525&dur=192.666&lmt=1634510000574776&mt=1772457213&fvip=5&keepalive=yes&fexp=51552689%2C51565116%2C51565681%2C51580968%2C51791334&c=ANDROID_VR&txp=2311224&sparams=expire%2Cei%2Cip%2Cid%2Citag%2Csource%2Crequiressl%2Cxpc%2Cgcr%2Cbui%2Cspc%2Cvprv%2Csvpuc%2Cmime%2Crqh%2Cgir%2Cclen%2Cdur%2Clmt&sig=AHEqNM4wRgIhAPJwbYeVk1coD8S0VkHADDA_uesUrSHbBuVEH-Dgrt43AiEAvV9w15SsRuT1ltvnB4Y1NfLZxPqgoOSF99wV1NxXdbY%3D&lsparams=cps%2Cmet%2Cmh%2Cmm%2Cmn%2Cms%2Cmv%2Cmvi%2Cpl%2Crms%2Cinitcwndbps&lsig=APaTxxMwRgIhAJG3lCdqCdwCQMYM8p6d9evd5_PszXBAqo9nQiiXWiiSAiEAispSqocf1pDAxKVKbEK8o_zDFWA1fhKezifQpJVEyxU%3D
INFO: 2026/03/02 11:28:00 Playback stopped
INFO: 2026/03/02 11:28:01 Playback started successfully
INFO: 2026/03/02 11:28:01 Playback stopped
INFO: 2026/03/02 11:28:01 Starting playback: https://rr4---sn-a2oxu-bg0e.googlevideo.com/videoplayback?expire=1772482649&ei=-ZulaYPQLJaO-LAPqLLEgQU&ip=2804%3A868%3Ad054%3Aaa91%3A9188%3Ae4ce%3A2fe8%3A12a9&id=o-AELffLpog9npWH6TiCUd7xGV2HNM4H4Lqrmlj6RvrSrg&itag=139&source=youtube&requiressl=yes&xpc=EgVo2aDSNQ%3D%3D&cps=231&met=1772461049%2C&mh=A3&mm=31%2C29&mn=sn-a2oxu-bg0e%2Csn-bg0s7n76&ms=au%2Crdu&mv=m&mvi=4&pcm2cms=yes&pl=56&rms=au%2Cau&gcr=br&initcwndbps=2430000&bui=AVNa5-wyOGiObtfjiGUHtdeXU9zA6zUdccQRP7IbeFwtdNOGqpQVGP7-JGB02K4iqvcLhwlTYxhFM9rD&spc=6dlaFNvKMyXL&vprv=1&svpuc=1&mime=audio%2Fmp4&rqh=1&gir=yes&clen=1494157&dur=244.733&lmt=1662633919487882&mt=1772460814&fvip=4&keepalive=yes&fexp=51552689%2C51565116%2C51565681%2C51580968%2C51791334&c=ANDROID_VR&txp=2318224&sparams=expire%2Cei%2Cip%2Cid%2Citag%2Csource%2Crequiressl%2Cxpc%2Cgcr%2Cbui%2Cspc%2Cvprv%2Csvpuc%2Cmime%2Crqh%2Cgir%2Cclen%2Cdur%2Clmt&sig=AHEqNM4wRAIgMzFh4wsJ6NF51ZRTB22DwHBy0O9F20At-wdknkf39PcCIH9ttmMAPXWVkKBhAuaDGyOy__jEVDwLe4OEXNSnu9wz&lsparams=cps%2Cmet%2Cmh%2Cmm%2Cmn%2Cms%2Cmv%2Cmvi%2Cpcm2cms%2Cpl%2Crms%2Cinitcwndbps&lsig=APaTxxMwRgIhAK6RHZr-L9OUNbevRRGK6uvGMhh7zOiNq5l00S68Bu3UAiEAu1PYPcLHTVTHOhzBdrn3MIwHjxWuuCGKGEgX7l56fBY%3D
INFO: 2026/03/02 11:28:01 Playback stopped
INFO: 2026/03/02 11:28:02 Playback finished
INFO: 2026/03/02 11:28:02 Playback started successfully
INFO: 2026/03/02 11:28:03 Playback stopped
INFO: 2026/03/02 11:28:03 Starting playback: https://rr2---sn-bg0e6nle.googlevideo.com/videoplayback?expire=1772482650&ei=-pulaf_TIoeQ-LAPlYWW4Q4&ip=2804%3A868%3Ad054%3Aaa91%3A9188%3Ae4ce%3A2fe8%3A12a9&id=o-ANPokrlTDCXQhsQysmqT2xKCRZ40_kdg9B7mdyZio9wN&itag=139&source=youtube&requiressl=yes&xpc=EgVo2aDSNQ%3D%3D&cps=198&met=1772461050%2C&mh=pt&mm=31%2C29&mn=sn-bg0e6nle%2Csn-bg0s7n7e&ms=au%2Crdu&mv=m&mvi=2&pl=56&rms=au%2Cau&gcr=br&initcwndbps=1415000&bui=AVNa5-yUxlAXJoH4__tYMnO-bJjVBcdZAGq6RdpAcTebbgWnOj4tiKPj-tQUrG1Utrg2zqL5dXoCTXde&spc=6dlaFEXVW7Kq&vprv=1&svpuc=1&mime=audio%2Fmp4&rqh=1&gir=yes&clen=1725609&dur=282.653&lmt=1647407807600094&mt=1772460814&fvip=3&keepalive=yes&fexp=51552689%2C51565116%2C51565681%2C51580968%2C51791334&c=ANDROID_VR&txp=2318224&sparams=expire%2Cei%2Cip%2Cid%2Citag%2Csource%2Crequiressl%2Cxpc%2Cgcr%2Cbui%2Cspc%2Cvprv%2Csvpuc%2Cmime%2Crqh%2Cgir%2Cclen%2Cdur%2Clmt&sig=AHEqNM4wRgIhAIv7_W7eqNfRmumMQXCkDWiI3NiY0yC10cAPTeTd0XBpAiEAxzUhYWvwejvI7eh5EyEvlozmha8mqme9PPGAbNFvmCI%3D&lsparams=cps%2Cmet%2Cmh%2Cmm%2Cmn%2Cms%2Cmv%2Cmvi%2Cpl%2Crms%2Cinitcwndbps&lsig=APaTxxMwRQIgRv0IYBVXtDuXaufeO-ABa0dKOkh8s8gd1EeqG8leLIcCIQCuGFSqOqMGZLU5GO2Mw8ewRemdfF4I2qtOPXEQeVto6w%3D%3D
INFO: 2026/03/02 11:28:03 Playback stopped
INFO: 2026/03/02 11:28:04 Playback started successfully
INFO: 2026/03/02 11:28:05 Playback stopped
INFO: 2026/03/02 11:28:05 Starting playback: https://rr4---sn-bg0e6nle.googlevideo.com/videoplayback?expire=1772482651&ei=-5ulacfWGc-e-LAPuorikA0&ip=2804%3A868%3Ad054%3Aaa91%3A9188%3Ae4ce%3A2fe8%3A12a9&id=o-AOZpcb-juYKAeG9HpV0hlCoKLdJWveUIv9eW9cEYaHle&itag=139&source=youtube&requiressl=yes&xpc=EgVo2aDSNQ%3D%3D&cps=272&met=1772461051%2C&mh=On&mm=31%2C29&mn=sn-bg0e6nle%2Csn-bg0s7n7k&ms=au%2Crdu&mv=m&mvi=4&pl=56&rms=au%2Cau&gcr=br&initcwndbps=1415000&bui=AVNa5-wEkX-2Kel193LZUpCjgnNdQa4a4GvP0T6n2pDFxo3poTWzlcxFW5lCDS9EBZt5m_52XSrfUp6K&spc=6dlaFKIxn3kJ&vprv=1&svpuc=1&mime=audio%2Fmp4&rqh=1&gir=yes&clen=1472890&dur=241.199&lmt=1706954102903612&mt=1772460814&fvip=4&keepalive=yes&fexp=51552689%2C51565116%2C51565681%2C51580968%2C51791334&c=ANDROID_VR&txp=2318224&sparams=expire%2Cei%2Cip%2Cid%2Citag%2Csource%2Crequiressl%2Cxpc%2Cgcr%2Cbui%2Cspc%2Cvprv%2Csvpuc%2Cmime%2Crqh%2Cgir%2Cclen%2Cdur%2Clmt&sig=AHEqNM4wRQIgKwRg3eF8K_J_giYwYzsAvvcRl5q535CEsRlTNpWdFOMCIQCbAbw0ZQ_zAxCkpMSvo2rauFxDh4JWmQVNU76Oz3RMoQ%3D%3D&lsparams=cps%2Cmet%2Cmh%2Cmm%2Cmn%2Cms%2Cmv%2Cmvi%2Cpl%2Crms%2Cinitcwndbps&lsig=APaTxxMwRQIgG4UhADzkGc9yze-OGmI2rHb7_poXX56rXUEW0Wj9be4CIQDuNn8tm1uqwleFpwc3yPcJ-nXFX8VK56vf9bqwc1N7vQ%3D%3D
INFO: 2026/03/02 11:28:05 Playback stopped
INFO: 2026/03/02 11:28:05 Playback finished
INFO: 2026/03/02 11:28:05 Playback started successfully
INFO: 2026/03/02 11:28:06 Playback stopped
INFO: 2026/03/02 11:28:06 Starting playback: https://rr4---sn-a2oxu-bg0e.googlevideo.com/videoplayback?expire=1772482652&ei=_Julaa-iGY6OobIPtNmZoA4&ip=2804%3A868%3Ad054%3Aaa91%3A9188%3Ae4ce%3A2fe8%3A12a9&id=o-AD5hlznjRrFDJSQXFYEnTyeC0_G6dawDOQMGVnhM_B74&itag=139&source=youtube&requiressl=yes&xpc=EgVo2aDSNQ%3D%3D&cps=265&met=1772461052%2C&mh=6l&mm=31%2C29&mn=sn-a2oxu-bg0e%2Csn-bg0e6nek&ms=au%2Crdu&mv=m&mvi=4&pcm2cms=yes&pl=54&rms=au%2Cau&gcr=br&initcwndbps=2486250&bui=AVNa5-xW9ukqNFlkfTzOoYdxMt3ENEeQNNzvlddp6LjwQgB2IlKMvfX_3NWBTczph2tvgLRhDjE_F07m&spc=6dlaFBnJ7RM6&vprv=1&svpuc=1&mime=audio%2Fmp4&rqh=1&gir=yes&clen=1959124&dur=321.026&lmt=1626760431639045&mt=1772457213&fvip=5&keepalive=yes&fexp=51552689%2C51565116%2C51565681%2C51580968%2C51791334&c=ANDROID_VR&txp=2311224&sparams=expire%2Cei%2Cip%2Cid%2Citag%2Csource%2Crequiressl%2Cxpc%2Cgcr%2Cbui%2Cspc%2Cvprv%2Csvpuc%2Cmime%2Crqh%2Cgir%2Cclen%2Cdur%2Clmt&sig=AHEqNM4wRQIhALpok-j3lsWENj-UBb3BloDK5hr959btO3f4nmfGa06uAiA7sBgKr6XD7WcusmX4urza3HZupuA4udFIkPvg_8Ssjw%3D%3D&lsparams=cps%2Cmet%2Cmh%2Cmm%2Cmn%2Cms%2Cmv%2Cmvi%2Cpcm2cms%2Cpl%2Crms%2Cinitcwndbps&lsig=APaTxxMwRQIhALuiw78FkWgJwb7gxhFhGSO0w_Jw9djy5v0-kzy1yahSAiAvlzuaRUHOtpOsdfggScIWuDuJsEA03SVXQEc6PKRw8A%3D%3D
INFO: 2026/03/02 11:28:06 Playback stopped
INFO: 2026/03/02 11:28:07 Playback started successfully
INFO: 2026/03/02 11:28:07 Playback stopped
INFO: 2026/03/02 11:28:08 Starting playback: https://rr2---sn-a2oxu-bg0s.googlevideo.com/videoplayback?expire=1772482653&ei=_ZulaafSHZGR1sQPrNrJkQ4&ip=2804%3A868%3Ad054%3Aaa91%3A9188%3Ae4ce%3A2fe8%3A12a9&id=o-AP797PwC4RhxP6RFDgnScfmcgPpcJw_viQwvCUW35-oN&itag=139&source=youtube&requiressl=yes&xpc=EgVo2aDSNQ%3D%3D&cps=357&met=1772461053%2C&mh=YZ&mm=31%2C29&mn=sn-a2oxu-bg0s%2Csn-bg0s7ns7&ms=au%2Crdu&mv=m&mvi=2&pl=54&rms=au%2Cau&gcr=br&initcwndbps=2418750&bui=AVNa5-y4mhXkZXe19Elx5IN4ahmrTy9MD5Oh_y5WgHj-mML7I0qLyL_kLpqRbEUoBd6m1A-5L3o1gxmG&spc=6dlaFGbKXo5I&vprv=1&svpuc=1&mime=audio%2Fmp4&rqh=1&gir=yes&clen=1665324&dur=272.788&lmt=1762481099704946&mt=1772457213&fvip=1&keepalive=yes&fexp=51552689%2C51565116%2C51565681%2C51580968%2C51791334&c=ANDROID_VR&txp=5532534&sparams=expire%2Cei%2Cip%2Cid%2Citag%2Csource%2Crequiressl%2Cxpc%2Cgcr%2Cbui%2Cspc%2Cvprv%2Csvpuc%2Cmime%2Crqh%2Cgir%2Cclen%2Cdur%2Clmt&sig=AHEqNM4wRAIgeeNXQ_RpebWLPhU9nN9jTmotn_dqo0mkrGgkZqeoiSgCIDUmrxnKMcfArTpepmZoRosIlp1-L0V67YXiOlr663IT&lsparams=cps%2Cmet%2Cmh%2Cmm%2Cmn%2Cms%2Cmv%2Cmvi%2Cpl%2Crms%2Cinitcwndbps&lsig=APaTxxMwRgIhAMR_wDmhgUMLTrESKo5INEfNEiRYd61eLXgT7I-ti4OCAiEA2kglFdnFRdu6H0PCFHqJo6Za99mCILU9WIc7WT_VKOE%3D
INFO: 2026/03/02 11:28:08 Playback stopped
INFO: 2026/03/02 11:28:08 Playback started successfully
INFO: 2026/03/02 11:28:10 Playback stopped
INFO: 2026/03/02 11:28:10 Starting playback: https://rr1---sn-a2oxu-bg0e.googlevideo.com/videoplayback?expire=1772482654&ei=_pulabXVG_ue-LAPh4e2-Qk&ip=2804%3A868%3Ad054%3Aaa91%3A9188%3Ae4ce%3A2fe8%3A12a9&id=o-ACj6d6BG2GrNGEzpbmI5_zHqi00RTTgug5dEaq3591tg&itag=139&source=youtube&requiressl=yes&xpc=EgVo2aDSNQ%3D%3D&cps=256&met=1772461054%2C&mh=VU&mm=31%2C29&mn=sn-a2oxu-bg0e%2Csn-bg0e6nez&ms=au%2Crdu&mv=m&mvi=1&pcm2cms=yes&pl=54&rms=au%2Cau&gcr=br&initcwndbps=2486250&bui=AVNa5-yZ4u7pihNZ6dAKo6yIBw-buJfjsPMJmaEo2VonRjwvhzROF0JhKEWkP21E2daYhrvadD7lD7pL&spc=6dlaFB4c9944&vprv=1&svpuc=1&mime=audio%2Fmp4&rqh=1&gir=yes&clen=1723104&dur=282.268&lmt=1647407904558051&mt=1772457213&fvip=5&keepalive=yes&fexp=51552689%2C51565116%2C51565681%2C51580968%2C51791334&c=ANDROID_VR&txp=2318224&sparams=expire%2Cei%2Cip%2Cid%2Citag%2Csource%2Crequiressl%2Cxpc%2Cgcr%2Cbui%2Cspc%2Cvprv%2Csvpuc%2Cmime%2Crqh%2Cgir%2Cclen%2Cdur%2Clmt&sig=AHEqNM4wRQIhAMFVRDJS5OWpTElTbQYmS-0IVl2Em7AfxgW3r8FaIR-iAiBt86OE7pcMgMDJEd9CemWvdCqYubjGc_IE4Rr6DxhvmQ%3D%3D&lsparams=cps%2Cmet%2Cmh%2Cmm%2Cmn%2Cms%2Cmv%2Cmvi%2Cpcm2cms%2Cpl%2Crms%2Cinitcwndbps&lsig=APaTxxMwRQIgYVSF1wvEKvRRB-T84UYezRD9E5H1-1G_yQD-Kmr_FBICIQCyqXegV_KQMm1mp0jEoJmIHjdMROFDihp_HagBhCoSwA%3D%3D
INFO: 2026/03/02 11:28:10 Playback stopped
INFO: 2026/03/02 11:28:11 Playback started successfully
INFO: 2026/03/02 11:28:11 Playback stopped
INFO: 2026/03/02 11:28:11 Starting playback: https://rr2---sn-a2oxu-bg0s.googlevideo.com/videoplayback?expire=1772482655&ei=_5ulacfxE92yobIPiMT7gAM&ip=2804%3A868%3Ad054%3Aaa91%3A9188%3Ae4ce%3A2fe8%3A12a9&id=o-AJ_zsDBfn_CZZPEYzQOKBYEzuY-XknvV6WXYGg_WHBIG&itag=139&source=youtube&requiressl=yes&xpc=EgVo2aDSNQ%3D%3D&cps=283&met=1772461055%2C&mh=IM&mm=31%2C29&mn=sn-a2oxu-bg0s%2Csn-bg0s7nlr&ms=au%2Crdu&mv=m&mvi=2&pl=54&rms=au%2Cau&gcr=br&initcwndbps=2418750&bui=AVNa5-x8b1P6CFr4mdCHw1-Qi0NkJL5Q13HeFZmKoa11zeWAxpsfInz7J6tOhKZ7oIgVLRpVS0shQrAq&spc=6dlaFLGvL1o6&vprv=1&svpuc=1&mime=audio%2Fmp4&rqh=1&gir=yes&clen=1697711&dur=277.973&lmt=1647407827811383&mt=1772457213&fvip=5&keepalive=yes&fexp=51552689%2C51565116%2C51565681%2C51580968%2C51791334&c=ANDROID_VR&txp=2318224&sparams=expire%2Cei%2Cip%2Cid%2Citag%2Csource%2Crequiressl%2Cxpc%2Cgcr%2Cbui%2Cspc%2Cvprv%2Csvpuc%2Cmime%2Crqh%2Cgir%2Cclen%2Cdur%2Clmt&sig=AHEqNM4wRQIhAIX2Mig8YNuxA3iarfOuI-fauBK9RaYsXoid66o5VhHlAiA5xNnVsiqTuHNlWcio463Wlt5P6WTLkB1En2KehdSPZQ%3D%3D&lsparams=cps%2Cmet%2Cmh%2Cmm%2Cmn%2Cms%2Cmv%2Cmvi%2Cpl%2Crms%2Cinitcwndbps&lsig=APaTxxMwRAIgCLvUmrv5D5Dna0v_ktQ8c3cba2UjRMOuJSM7N035j_oCIBm0uQLEqNPJjf6eoUbolWG2hgNXGhZiQ4Ipe_qjhDQw
INFO: 2026/03/02 11:28:11 Playback stopped
INFO: 2026/03/02 11:28:12 Playback started successfully
INFO: 2026/03/02 11:28:12 Playback stopped
INFO: 2026/03/02 11:28:12 Playback stopped
INFO: 2026/03/02 11:28:13 Starting playback: https://rr1---sn-bg0s7nlr.googlevideo.com/videoplayback?expire=1772482656&ei=AJylafXTD-GZobIPh6ao-Ao&ip=2804%3A868%3Ad054%3Aaa91%3A9188%3Ae4ce%3A2fe8%3A12a9&id=o-ABdH_hk4d8KI57EPW52LpzAlA229aQywG8E935GSMZjq&itag=139&source=youtube&requiressl=yes&xpc=EgVo2aDSNQ%3D%3D&cps=166&met=1772461056%2C&mh=Mt&mm=31%2C29&mn=sn-bg0s7nlr%2Csn-bg0e6nel&ms=au%2Crdu&mv=m&mvi=1&pl=56&rms=au%2Cau&gcr=br&initcwndbps=1415000&bui=AVNa5-wYdK5bu6mRB5exVxr91WJmi547OR3-bPtGShRKJCamRYi0pGq0nPbMtgC34rEznuNQv2gCz7dn&spc=6dlaFFarIM7D&vprv=1&svpuc=1&mime=audio%2Fmp4&rqh=1&gir=yes&clen=1419486&dur=232.506&lmt=1634548581016966&mt=1772460814&fvip=3&keepalive=yes&fexp=51552689%2C51565116%2C51565681%2C51580968%2C51791334&c=ANDROID_VR&txp=2311224&sparams=expire%2Cei%2Cip%2Cid%2Citag%2Csource%2Crequiressl%2Cxpc%2Cgcr%2Cbui%2Cspc%2Cvprv%2Csvpuc%2Cmime%2Crqh%2Cgir%2Cclen%2Cdur%2Clmt&sig=AHEqNM4wRQIhAIqiblqsuxENIWGyGt5_UwwSfjt3NG2XT7YBljCTZ8weAiB9_1pAATYJlaoRDKrTvVJS0ISUQ9DS9wz87blEE9g2vw%3D%3D&lsparams=cps%2Cmet%2Cmh%2Cmm%2Cmn%2Cms%2Cmv%2Cmvi%2Cpl%2Crms%2Cinitcwndbps&lsig=APaTxxMwRQIhAJ-Ja7hEkaQbMXxYD22jxJEVnupIYjNdw-stuKLVsl2SAiAyKEwJWo1EDDEgaaBbRDTZGiKzWRjxoRDz8uc8kebjFA%3D%3D
INFO: 2026/03/02 11:28:13 Playback stopped
INFO: 2026/03/02 11:28:13 Playback started successfully
INFO: 2026/03/02 11:28:13 Playback stopped
INFO: 2026/03/02 11:28:13 Playback stopped
INFO: 2026/03/02 11:28:14 Playback stopped
INFO: 2026/03/02 11:28:14 Starting playback: https://rr1---sn-2obg05-co.googlevideo.com/videoplayback?expire=1772482657&ei=AZylacnJBoL31sQPuNTImQw&ip=2804%3A868%3Ad054%3Aaa91%3A9188%3Ae4ce%3A2fe8%3A12a9&id=o-AP3NFAY5UYM1nHNWEL4f6iL_lf3f1U5rhNX_Kg8itP2x&itag=139&source=youtube&requiressl=yes&xpc=EgVo2aDSNQ%3D%3D&cps=332&met=1772461057%2C&mh=n3&mm=31%2C29&mn=sn-2obg05-co%2Csn-bg0e6ne6&ms=au%2Crdu&mv=m&mvi=1&pl=56&rms=au%2Cau&gcr=br&initcwndbps=1415000&bui=AVNa5-wtJva3PpzKZ-_aFyPDK43rOelr7zcO59W_AxvTAIfNEHd0qxdOVNphiHyeIxy681bH8JO1eKg3&spc=6dlaFDEuoVac&vprv=1&svpuc=1&mime=audio%2Fmp4&rqh=1&gir=yes&clen=2051916&dur=336.195&lmt=1760086716976878&mt=1772460814&fvip=3&keepalive=yes&fexp=51552689%2C51565116%2C51565681%2C51580968%2C51791334&c=ANDROID_VR&txp=1432534&sparams=expire%2Cei%2Cip%2Cid%2Citag%2Csource%2Crequiressl%2Cxpc%2Cgcr%2Cbui%2Cspc%2Cvprv%2Csvpuc%2Cmime%2Crqh%2Cgir%2Cclen%2Cdur%2Clmt&sig=AHEqNM4wRQIgb6z8_cgbenm1Ie9cDMMrXtRmVRNFFehlegxj4kOPkG4CIQCNP4zzRGMu4QbBcsO1aOlc11XyBTT8RH1E4ghrgaS8JA%3D%3D&lsparams=cps%2Cmet%2Cmh%2Cmm%2Cmn%2Cms%2Cmv%2Cmvi%2Cpl%2Crms%2Cinitcwndbps&lsig=APaTxxMwRgIhAOsaC2TjcIYarkThBgKDJLPIk18AjPlnoPRqtbITMoa7AiEA-vk7XgOJhAjItoV7VSLs79JsZBIdsBEW_QZaQJ93Ru8%3D
INFO: 2026/03/02 11:28:14 Playback stopped
INFO: 2026/03/02 11:28:15 Playback started successfully
INFO: 2026/03/02 11:28:15 Playback stopped
INFO: 2026/03/02 11:28:15 Playback stopped
INFO: 2026/03/02 11:28:15 Playback stopped
INFO: 2026/03/02 11:28:15 Starting playback: https://rr2---sn-a2oxu-bg0l.googlevideo.com/videoplayback?expire=1772482658&ei=ApylafT_GIKf-LAP_fbW0Qg&ip=2804%3A868%3Ad054%3Aaa91%3A9188%3Ae4ce%3A2fe8%3A12a9&id=o-ALZp37H0vjLIyU6OiFlnx4Tf7FBj5I9jnbOIXCer1_8s&itag=139&source=youtube&requiressl=yes&xpc=EgVo2aDSNQ%3D%3D&cps=317&met=1772461058%2C&mh=iA&mm=31%2C29&mn=sn-a2oxu-bg0l%2Csn-bg0s7nls&ms=au%2Crdu&mv=m&mvi=2&pcm2cms=yes&pl=56&rms=au%2Cau&gcr=br&initcwndbps=2190000&bui=AVNa5-woxWmtDPX4mauWnwh-7c84hu5g8SaLdSGLE6v-xbSwYEp9mmlnceh5vrCHe57X58voRd4Ktp5s&spc=6dlaFOoi9zo6&vprv=1&svpuc=1&mime=audio%2Fmp4&rqh=1&gir=yes&clen=1584394&dur=259.425&lmt=1759812143388350&mt=1772460814&fvip=3&keepalive=yes&fexp=51552689%2C51565116%2C51565681%2C51580968%2C51791334&c=ANDROID_VR&txp=1432534&sparams=expire%2Cei%2Cip%2Cid%2Citag%2Csource%2Crequiressl%2Cxpc%2Cgcr%2Cbui%2Cspc%2Cvprv%2Csvpuc%2Cmime%2Crqh%2Cgir%2Cclen%2Cdur%2Clmt&sig=AHEqNM4wRQIhAKIL38-OI_PQ92qRvtV9wZjXAjQr_FUbBBBvrBYp7fr6AiBI3EUsHDqB-Pr_OAeUHcOq7jJwegKuV5PGW6UfqhEeEg%3D%3D&lsparams=cps%2Cmet%2Cmh%2Cmm%2Cmn%2Cms%2Cmv%2Cmvi%2Cpcm2cms%2Cpl%2Crms%2Cinitcwndbps&lsig=APaTxxMwRQIgVif3yDp8PZAhKqYfh-4Ni0m9P6LdvTQly9JIQHRDUhwCIQD1a3t54g6xZxZ48xJxQlSqRpwFSsDLphJFHvoSz1iq8A%3D%3D
INFO: 2026/03/02 11:28:15 Playback stopped
INFO: 2026/03/02 11:28:15 Playback started successfully
INFO: 2026/03/02 11:28:18 Playback stopped
INFO: 2026/03/02 11:28:18 Starting playback: https://rr1---sn-bg0e6nll.googlevideo.com/videoplayback?expire=1772482659&ei=A5ylaZXaFPDZ1sQPhsHyyQw&ip=2804%3A868%3Ad054%3Aaa91%3A9188%3Ae4ce%3A2fe8%3A12a9&id=o-AAJV3W_igEKwf_v3E9LT1nedvJ4Qzjdt64FTwqQ7gC70&itag=139&source=youtube&requiressl=yes&xpc=EgVo2aDSNQ%3D%3D&cps=251&met=1772461059%2C&mh=3_&mm=31%2C26&mn=sn-bg0e6nll%2Csn-gpv7kne7&ms=au%2Conr&mv=m&mvi=1&pl=54&rms=au%2Cau&gcr=br&initcwndbps=1147500&bui=AVNa5-zDoQTsgnldvOgJtC_JrkbgRWg49r5tTtqnGDFqNf6daZPcPeItLnp53d4tBOHlXxfR-cxLlxgT&spc=6dlaFH1rh6ip&vprv=1&svpuc=1&mime=audio%2Fmp4&rqh=1&gir=yes&clen=1644885&dur=269.368&lmt=1634076415815619&mt=1772457213&fvip=3&keepalive=yes&fexp=51552689%2C51565116%2C51565681%2C51580968%2C51791334&c=ANDROID_VR&txp=2311224&sparams=expire%2Cei%2Cip%2Cid%2Citag%2Csource%2Crequiressl%2Cxpc%2Cgcr%2Cbui%2Cspc%2Cvprv%2Csvpuc%2Cmime%2Crqh%2Cgir%2Cclen%2Cdur%2Clmt&sig=AHEqNM4wRQIhAOVOzLEQqjTVVyzVkuqv8aY1kn6RXcb-M7jcjg0LWfCjAiAysAX74BYVQb3jar5hRV-J30N_jFgjAaW431aDKJHjJA%3D%3D&lsparams=cps%2Cmet%2Cmh%2Cmm%2Cmn%2Cms%2Cmv%2Cmvi%2Cpl%2Crms%2Cinitcwndbps&lsig=APaTxxMwRQIhAOyKO3FlfvQ3ektSQH3KmtefuzqpXirBXmdGn7G_TwrEAiAifzCnnw_OnPlfDcdcrfZI-i-fKHeF9rzT_5stNUPCIw%3D%3D
INFO: 2026/03/02 11:28:18 Playback stopped
INFO: 2026/03/02 11:28:18 Playback stopped
INFO: 2026/03/02 11:28:19 Playback started successfully
INFO: 2026/03/02 11:28:19 Playback stopped
INFO: 2026/03/02 11:28:19 Playback stopped
INFO: 2026/03/02 11:28:20 Starting playback: https://rr2---sn-a2oxu-bg0l.googlevideo.com/videoplayback?expire=1772482660&ei=BJylafj9A5Lw1sQP0N726Qc&ip=2804%3A868%3Ad054%3Aaa91%3A9188%3Ae4ce%3A2fe8%3A12a9&id=o-AMb0JD-SPINjE-Qv6h9O0zt6Y220L3biOKzpg8Lq6Neg&itag=139&source=youtube&requiressl=yes&xpc=EgVo2aDSNQ%3D%3D&cps=205&met=1772461060%2C&mh=1T&mm=31%2C29&mn=sn-a2oxu-bg0l%2Csn-bg0s7nsl&ms=au%2Crdu&mv=m&mvi=2&pl=54&rms=au%2Cau&gcr=br&initcwndbps=2553750&bui=AVNa5-xRbpN_wGBdNKl2SfQAXFvTxOSJ7iCCaxuPkzrQkrpDRf30fna_BKT1vnYhei_-4L5dkFi5asTV&spc=6dlaFHT0_1X6&vprv=1&svpuc=1&mime=audio%2Fmp4&rqh=1&gir=yes&clen=2004413&dur=328.391&lmt=1628057179279109&mt=1772457213&fvip=2&keepalive=yes&fexp=51552689%2C51565116%2C51565681%2C51580968%2C51791334&c=ANDROID_VR&txp=2311222&sparams=expire%2Cei%2Cip%2Cid%2Citag%2Csource%2Crequiressl%2Cxpc%2Cgcr%2Cbui%2Cspc%2Cvprv%2Csvpuc%2Cmime%2Crqh%2Cgir%2Cclen%2Cdur%2Clmt&sig=AHEqNM4wQwIfAWKjVwnpgoJuO_CX_We65fZDV8xILfkef8jXsDa3VQIgdk3IvlGuVReKBW2ZPzBhm3XUvAri_BDIAaLwSGB9jbM%3D&lsparams=cps%2Cmet%2Cmh%2Cmm%2Cmn%2Cms%2Cmv%2Cmvi%2Cpl%2Crms%2Cinitcwndbps&lsig=APaTxxMwRQIhALbg7r4FHUqLZUxma7JamvZDqbuqF16zLe0rRABVpvDVAiAUyf2f_Qcnj8p__w2FzeV-x4DwMxb9A3DHiZfh2afvog%3D%3D
INFO: 2026/03/02 11:28:20 Playback stopped
INFO: 2026/03/02 11:28:20 Playback stopped
INFO: 2026/03/02 11:28:20 Playback started successfully
INFO: 2026/03/02 11:28:20 Playback stopped
INFO: 2026/03/02 11:28:21 Playback stopped
INFO: 2026/03/02 11:28:21 Starting playback: https://rr2---sn-a2oxu-bg0l.googlevideo.com/videoplayback?expire=1772482660&ei=BJylaaWlN-CR-LAPxY2xyA0&ip=2804%3A868%3Ad054%3Aaa91%3A9188%3Ae4ce%3A2fe8%3A12a9&id=o-AOKvFtYBoANcRZajMH2vHGw3jdTrKJTmoEoulVm6Hoeu&itag=139&source=youtube&requiressl=yes&xpc=EgVo2aDSNQ%3D%3D&cps=226&met=1772461060%2C&mh=NC&mm=31%2C29&mn=sn-a2oxu-bg0l%2Csn-bg0s7nly&ms=au%2Crdu&mv=m&mvi=2&pl=54&rms=au%2Cau&gcr=br&initcwndbps=2553750&bui=AVNa5-xs_3VBWXQZi_HOLIBT3SkrJ8r1bOejYBK3cVyvbeCjXDzGqNQx6Dv7U94K5aNIUZvjPUEdC4Cd&spc=6dlaFOqmHFvB&vprv=1&svpuc=1&mime=audio%2Fmp4&rqh=1&gir=yes&clen=1766039&dur=289.266&lmt=1675547823728613&mt=1772457213&fvip=3&keepalive=yes&fexp=51552689%2C51565116%2C51565681%2C51580968%2C51791334&c=ANDROID_VR&txp=2311224&sparams=expire%2Cei%2Cip%2Cid%2Citag%2Csource%2Crequiressl%2Cxpc%2Cgcr%2Cbui%2Cspc%2Cvprv%2Csvpuc%2Cmime%2Crqh%2Cgir%2Cclen%2Cdur%2Clmt&sig=AHEqNM4wRAIgel-xMtbxMiVP8Yd1XboblohnQHqEZetcONaftcoEFYcCIHSA4fpCD5ms25Y874wjqRT18h61WnzghMM-lQmk4vXG&lsparams=cps%2Cmet%2Cmh%2Cmm%2Cmn%2Cms%2Cmv%2Cmvi%2Cpl%2Crms%2Cinitcwndbps&lsig=APaTxxMwRgIhAJ92Cds-mSlk1IBce8mdp8S_RNi-ZmrokevRQqzpY40CAiEA2T0ZVHiAY3Inlg6HjyJc4cDQrNJul0kwdEQZDAzABko%3D
INFO: 2026/03/02 11:28:21 Playback stopped
INFO: 2026/03/02 11:28:21 Playback started successfully
INFO: 2026/03/02 11:28:21 Playback stopped
INFO: 2026/03/02 11:28:21 Playback stopped
INFO: 2026/03/02 11:28:22 Starting playback: https://rr2---sn-a2oxu-bg0s.googlevideo.com/videoplayback?expire=1772482662&ei=BpylaT3Vn6GyD8z4jNkK&ip=2804%3A868%3Ad054%3Aaa91%3A9188%3Ae4ce%3A2fe8%3A12a9&id=o-AMddgCa7RTrnIlQ24n89Yo6h98FYDoXw8KOmFyz2-_OB&itag=139&source=youtube&requiressl=yes&xpc=EgVo2aDSNQ%3D%3D&cps=532&met=1772461062%2C&mh=WD&mm=31%2C29&mn=sn-a2oxu-bg0s%2Csn-bg0s7n76&ms=au%2Crdu&mv=m&mvi=2&pl=54&rms=au%2Cau&gcr=br&initcwndbps=2418750&bui=AVNa5-wMT0i5qS_iDXsNhnDbic64LfUL8K58RCBdlrK6Rf15LP7Nsfyt1kGBMQjSyYa9NWP5dwFHw3am&spc=6dlaFLh-IQI2&vprv=1&svpuc=1&mime=audio%2Fmp4&rqh=1&gir=yes&clen=1396597&dur=228.827&lmt=1761862220076374&mt=1772457213&fvip=4&keepalive=yes&fexp=51552689%2C51565116%2C51565681%2C51580968%2C51791334&c=ANDROID_VR&txp=5532534&sparams=expire%2Cei%2Cip%2Cid%2Citag%2Csource%2Crequiressl%2Cxpc%2Cgcr%2Cbui%2Cspc%2Cvprv%2Csvpuc%2Cmime%2Crqh%2Cgir%2Cclen%2Cdur%2Clmt&sig=AHEqNM4wRgIhAOjZQXABPZnHchQ_gU0wf7qoH6guGaI3GWzyCe2E4mfhAiEAq5ZKc7X1meY4mFTzhIMW5X-8gkfel5xqEHfm075_a2s%3D&lsparams=cps%2Cmet%2Cmh%2Cmm%2Cmn%2Cms%2Cmv%2Cmvi%2Cpl%2Crms%2Cinitcwndbps&lsig=APaTxxMwRQIhAOc_Nt3g87vy2zhySY625jD5JqddeUpzVRUfV2R0yRp5AiAnF5BIoBazPgAfdFjV9TCf9SGEEuxfs9p_LpYxJQJQ0w%3D%3D
INFO: 2026/03/02 11:28:22 Playback stopped
INFO: 2026/03/02 11:28:22 Playback started successfully
INFO: 2026/03/02 11:28:22 Playback stopped
INFO: 2026/03/02 11:28:23 Starting playback: https://rr5---sn-bg0e6nlz.googlevideo.com/videoplayback?expire=1772482663&ei=B5ylaf3fAb6hobIPw_XwUQ&ip=2804%3A868%3Ad054%3Aaa91%3A9188%3Ae4ce%3A2fe8%3A12a9&id=o-AL2Eruyl8mankKvgAEhoTc7aYJs-727B_5uqbbU5tIjm&itag=139&source=youtube&requiressl=yes&xpc=EgVo2aDSNQ%3D%3D&cps=232&met=1772461063%2C&mh=I2&mm=31%2C29&mn=sn-bg0e6nlz%2Csn-2obg05-ji&ms=au%2Crdu&mv=m&mvi=5&pl=56&rms=au%2Cau&gcr=br&initcwndbps=1415000&bui=AVNa5-xJ8_aBHALRKGkpFcPvLL3iGd2r0UdHjdxfUan52hBhKy5hndOUTegs0vUz5Xc-LAM553-05XuK&spc=6dlaFIG42QEA&vprv=1&svpuc=1&mime=audio%2Fmp4&rqh=1&gir=yes&clen=1564585&dur=256.216&lmt=1760311451444901&mt=1772460814&fvip=1&keepalive=yes&fexp=51552689%2C51565116%2C51565681%2C51580968%2C51791334&c=ANDROID_VR&txp=1432534&sparams=expire%2Cei%2Cip%2Cid%2Citag%2Csource%2Crequiressl%2Cxpc%2Cgcr%2Cbui%2Cspc%2Cvprv%2Csvpuc%2Cmime%2Crqh%2Cgir%2Cclen%2Cdur%2Clmt&sig=AHEqNM4wRgIhANSw0A32ulFAxIp4eSqB-WIzKz6pwhA14V4SGcoFCFhpAiEAnqsD49DsMvb5fK8GGV0kQid4KFf_2j3u1iI4BI-HGds%3D&lsparams=cps%2Cmet%2Cmh%2Cmm%2Cmn%2Cms%2Cmv%2Cmvi%2Cpl%2Crms%2Cinitcwndbps&lsig=APaTxxMwRQIgG2gt5qwzUHdlXncAO3GRcjY0imGZsgWZbRDTDMMR6psCIQCSM0tYzyXEaivvwZWErHw_TS2oY7aYg8QQilpchl5PLw%3D%3D
INFO: 2026/03/02 11:28:23 Playback stopped
INFO: 2026/03/02 11:28:23 Playback started successfully
INFO: 2026/03/02 11:28:25 Playback stopped
INFO: 2026/03/02 11:28:25 Starting playback: https://rr2---sn-a2oxu-bg0s.googlevideo.com/videoplayback?expire=1772482663&ei=B5ylaamQONmPobIPnsa68QI&ip=2804%3A868%3Ad054%3Aaa91%3A9188%3Ae4ce%3A2fe8%3A12a9&id=o-ABoH9bPJq1HyL-61RMTPAb8TNBarfFTZdr52itwCQNm6&itag=139&source=youtube&requiressl=yes&xpc=EgVo2aDSNQ%3D%3D&cps=555&met=1772461063%2C&mh=EU&mm=31%2C29&mn=sn-a2oxu-bg0s%2Csn-2obg05-co&ms=au%2Crdu&mv=m&mvi=2&pl=54&rms=au%2Cau&gcr=br&initcwndbps=2418750&bui=AVNa5-xWmbAfddNzX_bfoYM6IO6dnHax7b2JPXClMQI5yMP5ZjqdLqcD1J6a_Wbo1VM4oWoFwb_CBEcZ&spc=6dlaFF8bfHYf&vprv=1&svpuc=1&mime=audio%2Fmp4&rqh=1&gir=yes&clen=1172911&dur=192.093&lmt=1772336085740480&mt=1772457213&fvip=5&keepalive=yes&fexp=51552689%2C51565116%2C51565681%2C51580968%2C51791334&c=ANDROID_VR&txp=5532534&sparams=expire%2Cei%2Cip%2Cid%2Citag%2Csource%2Crequiressl%2Cxpc%2Cgcr%2Cbui%2Cspc%2Cvprv%2Csvpuc%2Cmime%2Crqh%2Cgir%2Cclen%2Cdur%2Clmt&sig=AHEqNM4wRQIhAP-uApipfPlu46yOrggINt7fItehFXj7h3dWfcIzkUr1AiBtcc67FHgnmOJfGaaogYmJs95VrtXIruwmgMWipdJjzw%3D%3D&lsparams=cps%2Cmet%2Cmh%2Cmm%2Cmn%2Cms%2Cmv%2Cmvi%2Cpl%2Crms%2Cinitcwndbps&lsig=APaTxxMwRAIgfGhsLDikvo5n_4axBTFmRPS50rFIIMqomQl3eDSO2K4CIAD9Sqd5Pb98-YXv7sJ3a5GLp8T8FD_XP_SsjTdA4AD2
INFO: 2026/03/02 11:28:25 Playback stopped
INFO: 2026/03/02 11:28:26 Playback started successfully
INFO: 2026/03/02 11:28:26 Playback stopped
INFO: 2026/03/02 11:28:26 Starting playback: https://rr1---sn-a2oxu-bg0s.googlevideo.com/videoplayback?expire=1772482665&ei=CZylacHmAZD01sQP4PzMUA&ip=2804%3A868%3Ad054%3Aaa91%3A9188%3Ae4ce%3A2fe8%3A12a9&id=o-AJlgHQ7cfinq7moF_tXC9f0pWdFSrPHHKD56fU8yN_VM&itag=139&source=youtube&requiressl=yes&xpc=EgVo2aDSNQ%3D%3D&cps=256&met=1772461065%2C&mh=L-&mm=31%2C29&mn=sn-a2oxu-bg0s%2Csn-bg0e6ney&ms=au%2Crdu&mv=m&mvi=1&pcm2cms=yes&pl=56&rms=au%2Cau&gcr=br&initcwndbps=2306250&bui=AVNa5-zJLoA_CWJBdmIH5VeD1XQR1qwjF2ZDVChMa3EQvpxnN2irbPxOvPZUtsrOWFAbnKb0mRSoJdIF&spc=6dlaFLloM0Ew&vprv=1&svpuc=1&mime=audio%2Fmp4&rqh=1&gir=yes&clen=1393572&dur=228.210&lmt=1634596658526576&mt=1772460814&fvip=5&keepalive=yes&fexp=51552689%2C51565116%2C51565681%2C51580968%2C51791334&c=ANDROID_VR&txp=2311224&sparams=expire%2Cei%2Cip%2Cid%2Citag%2Csource%2Crequiressl%2Cxpc%2Cgcr%2Cbui%2Cspc%2Cvprv%2Csvpuc%2Cmime%2Crqh%2Cgir%2Cclen%2Cdur%2Clmt&sig=AHEqNM4wRQIgNblOBFg7D1jnBsb961cuh313WVigStZeuk7zD7gjziMCIQCTXyVROojbdzj0sCwLv3rD93CJ5Lu-UR7nR4Ke4ARagw%3D%3D&lsparams=cps%2Cmet%2Cmh%2Cmm%2Cmn%2Cms%2Cmv%2Cmvi%2Cpcm2cms%2Cpl%2Crms%2Cinitcwndbps&lsig=APaTxxMwRQIhANXkDV7LOvB-rjaLUT-B_iDBOV_TxhEszquylOzcNLZMAiAICRwfyTECweuEXxUiPysX0TINWpbJ-0FSO2pS6wAicg%3D%3D
INFO: 2026/03/02 11:28:26 Playback stopped
INFO: 2026/03/02 11:28:26 Playback stopped
INFO: 2026/03/02 11:28:27 Playback started successfully
INFO: 2026/03/02 11:28:27 Playback stopped
INFO: 2026/03/02 11:28:27 Playback stopped
INFO: 2026/03/02 11:28:27 Starting playback: https://rr3---sn-a2oxu-bg0e.googlevideo.com/videoplayback?expire=1772482665&ei=CZylae6fM_yJ1sQP6rzvkAU&ip=2804%3A868%3Ad054%3Aaa91%3A9188%3Ae4ce%3A2fe8%3A12a9&id=o-ANyTRQBXX2EUVkNCOZK0SYmx8R3oqQuApSm5uJp8_0aS&itag=139&source=youtube&requiressl=yes&xpc=EgVo2aDSNQ%3D%3D&cps=290&met=1772461065%2C&mh=XJ&mm=31%2C29&mn=sn-a2oxu-bg0e%2Csn-bg0s7n7d&ms=au%2Crdu&mv=m&mvi=3&pcm2cms=yes&pl=56&rms=au%2Cau&gcr=br&initcwndbps=2430000&bui=AVNa5-xhkuE9DcJVZNCjpenPunAB3qybC3nMFw2Jp1yejT3MD6wwu92i7P35ljFK-VVoZTWnvTLQeigL&spc=6dlaFAEucEF6&vprv=1&svpuc=1&mime=audio%2Fmp4&rqh=1&gir=yes&clen=1694994&dur=277.581&lmt=1759803865272282&mt=1772460814&fvip=5&keepalive=yes&fexp=51552689%2C51565116%2C51565681%2C51580968%2C51791334&c=ANDROID_VR&txp=1432534&sparams=expire%2Cei%2Cip%2Cid%2Citag%2Csource%2Crequiressl%2Cxpc%2Cgcr%2Cbui%2Cspc%2Cvprv%2Csvpuc%2Cmime%2Crqh%2Cgir%2Cclen%2Cdur%2Clmt&sig=AHEqNM4wRAIgOiRF2Z9PazcdTIjt7r13fv67pGbwVzKxVtYZNkzWU1UCICMz6NvDiYAXmnq2_9i1FC7qhG4r8_7-CNekRmv24EvI&lsparams=cps%2Cmet%2Cmh%2Cmm%2Cmn%2Cms%2Cmv%2Cmvi%2Cpcm2cms%2Cpl%2Crms%2Cinitcwndbps&lsig=APaTxxMwRQIgde1jVMWJ6qJbONQLayvCpOc4c4a1PV0gUnA-Bshp4bQCIQC83CpF9lnyBGo5jgUH-4tEtOihX02GCa9Mt7JJ2cRg_g%3D%3D
INFO: 2026/03/02 11:28:27 Playback stopped
INFO: 2026/03/02 11:28:28 Playback started successfully
INFO: 2026/03/02 11:28:28 Playback stopped
INFO: 2026/03/02 11:28:28 Playback stopped
INFO: 2026/03/02 11:28:29 Starting playback: https://rr5---sn-bg0e6nle.googlevideo.com/videoplayback?expire=1772482666&ei=CpylacyvLaXx1sQPo5zZoQw&ip=2804%3A868%3Ad054%3Aaa91%3A9188%3Ae4ce%3A2fe8%3A12a9&id=o-AJoH9i3lrk00i9hRjdbbHpqcnejvtcZOt7DXX0Bjx2-p&itag=139&source=youtube&requiressl=yes&xpc=EgVo2aDSNQ%3D%3D&cps=174&met=1772461066%2C&mh=6m&mm=31%2C29&mn=sn-bg0e6nle%2Csn-bg0s7ns6&ms=au%2Crdu&mv=m&mvi=5&pl=56&rms=au%2Cau&gcr=br&initcwndbps=1415000&bui=AVNa5-yBYDcDDXpSeYqRl1Ltn3XCd6ai2SbEVkxnLNK3ol0_lrJ8thGkEDBxw3o3mhEPY8v7mIARSXMr&spc=6dlaFHTW8t0q&vprv=1&svpuc=1&mime=audio%2Fmp4&rqh=1&gir=yes&clen=1321223&dur=216.365&lmt=1634652612110495&mt=1772460814&fvip=1&keepalive=yes&fexp=51552689%2C51565116%2C51565681%2C51580968%2C51791334&c=ANDROID_VR&txp=2311224&sparams=expire%2Cei%2Cip%2Cid%2Citag%2Csource%2Crequiressl%2Cxpc%2Cgcr%2Cbui%2Cspc%2Cvprv%2Csvpuc%2Cmime%2Crqh%2Cgir%2Cclen%2Cdur%2Clmt&sig=AHEqNM4wRQIgR-o42xUTU2N-iyLBgKfR9bZQ0dzl6OpW7N_rcPz9hEYCIQCNk87TilGhURiFbaaxgR0b4oH2OvishvxX4-Jcj9JJKw%3D%3D&lsparams=cps%2Cmet%2Cmh%2Cmm%2Cmn%2Cms%2Cmv%2Cmvi%2Cpl%2Crms%2Cinitcwndbps&lsig=APaTxxMwRgIhAIUf_CZBAcwQAGo6rrGpm3TMO1PP0wCX7zZW5WU4MbtPAiEAqCAZcLBnxosvAZ6u3lAVS1na_S5jAIMMja04QAylI4g%3D
INFO: 2026/03/02 11:28:29 Playback stopped
INFO: 2026/03/02 11:28:29 Playback started successfully
INFO: 2026/03/02 11:28:29 Playback stopped
INFO: 2026/03/02 11:28:29 Playback stopped
INFO: 2026/03/02 11:28:30 Starting playback: https://rr1---sn-a2oxu-bg0e.googlevideo.com/videoplayback?expire=1772482667&ei=C5ylab-BIr6MobIPqPPr8AI&ip=2804%3A868%3Ad054%3Aaa91%3A9188%3Ae4ce%3A2fe8%3A12a9&id=o-ADPT2JXGX0iOFmq5O5PJC7iLn8Tm88wOZ43nl3RiSk-h&itag=139&source=youtube&requiressl=yes&xpc=EgVo2aDSNQ%3D%3D&cps=149&met=1772461067%2C&mh=0p&mm=31%2C29&mn=sn-a2oxu-bg0e%2Csn-bg0s7nld&ms=au%2Crdu&mv=m&mvi=1&pcm2cms=yes&pl=56&rms=au%2Cau&gcr=br&initcwndbps=2430000&bui=AVNa5-yk1kVXZBzQg1I1PA35K0CV1hyjjLywC9xOq8X1lqU20771VnDXs-CY7fPeF5fH-b62b0uXHJpo&spc=6dlaFC8PQMPD&vprv=1&svpuc=1&mime=audio%2Fmp4&rqh=1&gir=yes&clen=1582242&dur=259.134&lmt=1634493913171180&mt=1772460814&fvip=1&keepalive=yes&fexp=51552689%2C51565116%2C51565681%2C51580968%2C51791334&c=ANDROID_VR&txp=2311224&sparams=expire%2Cei%2Cip%2Cid%2Citag%2Csource%2Crequiressl%2Cxpc%2Cgcr%2Cbui%2Cspc%2Cvprv%2Csvpuc%2Cmime%2Crqh%2Cgir%2Cclen%2Cdur%2Clmt&sig=AHEqNM4wRgIhAIWF3iLxmqHKbdWRJmR-pdbAbDp4iUPdG735lXVd8_69AiEAnmest8wvJio-udKvcEUQWt7epyjzmfczMI62A5D_IFU%3D&lsparams=cps%2Cmet%2Cmh%2Cmm%2Cmn%2Cms%2Cmv%2Cmvi%2Cpcm2cms%2Cpl%2Crms%2Cinitcwndbps&lsig=APaTxxMwRgIhAKDi_z4kBJvgUwI5mxrmZcTVPrVEiRK38hZOQCFJKFGvAiEA-fCeR6y0HdTNP97QKXG8LyJnfQ6zo8qv0selMTvUpUk%3D
INFO: 2026/03/02 11:28:30 Playback stopped
INFO: 2026/03/02 11:28:31 Playback started successfully
INFO: 2026/03/02 11:28:31 Playback stopped
INFO: 2026/03/02 11:28:32 Starting playback: https://rr2---sn-bg0s7ns7.googlevideo.com/videoplayback?expire=1772482668&ei=DJylaZD8KNyX-LAP36ex8Qw&ip=2804%3A868%3Ad054%3Aaa91%3A9188%3Ae4ce%3A2fe8%3A12a9&id=o-ACPPpZqTWQEpy-7NFOvNkcWEIkNbhtK8IbW9vE-4OGdx&itag=139&source=youtube&requiressl=yes&xpc=EgVo2aDSNQ%3D%3D&cps=668&met=1772461068%2C&mh=pw&mm=31%2C29&mn=sn-bg0s7ns7%2Csn-bg0e6ner&ms=au%2Crdu&mv=m&mvi=2&pl=56&rms=au%2Cau&gcr=br&initcwndbps=1415000&bui=AVNa5-whmRdY0NfNhMlM2s0fAgzz9asGWAk_Ey_GS8qebQ6nzvLlgPVO_3Z0Wwc8BDOHMd__Ipqj2e4k&spc=6dlaFAGowSPQ&vprv=1&svpuc=1&mime=audio%2Fmp4&rqh=1&gir=yes&clen=1481904&dur=242.695&lmt=1762060221678478&mt=1772460814&fvip=3&keepalive=yes&fexp=51552689%2C51565116%2C51565681%2C51580968%2C51791334&c=ANDROID_VR&txp=5532534&sparams=expire%2Cei%2Cip%2Cid%2Citag%2Csource%2Crequiressl%2Cxpc%2Cgcr%2Cbui%2Cspc%2Cvprv%2Csvpuc%2Cmime%2Crqh%2Cgir%2Cclen%2Cdur%2Clmt&sig=AHEqNM4wRQIgKurE0jL-QPQjxX_4CiQW972mwK6nbt7hmjPAQM1ttV4CIQD4ALztsrxaqPMEKhZk6YlkvYG2pNg6XS9UuBGDmurmgg%3D%3D&lsparams=cps%2Cmet%2Cmh%2Cmm%2Cmn%2Cms%2Cmv%2Cmvi%2Cpl%2Crms%2Cinitcwndbps&lsig=APaTxxMwRAIgDpbcIwS15ak6ZdYF42irxbQ8l8YbFjmJzXhDKnOMFBcCIGrXXoDEpBX-yJpph7F8jNOeDPw4AnR-Xsitu0Aa7gwv
INFO: 2026/03/02 11:28:32 Playback stopped
INFO: 2026/03/02 11:28:32 Playback started successfully
INFO: 2026/03/02 11:28:32 Playback stopped
INFO: 2026/03/02 11:28:33 Starting playback: https://rr4---sn-a2oxu-bg0e.googlevideo.com/videoplayback?expire=1772482669&ei=DZylafnnKuihobIP7ePlgQ0&ip=2804%3A868%3Ad054%3Aaa91%3A9188%3Ae4ce%3A2fe8%3A12a9&id=o-APmpBSmkxEii-XNNUctLtqUWXY1hdXkPnFxW2j_FCwS1&itag=139&source=youtube&requiressl=yes&xpc=EgVo2aDSNQ%3D%3D&cps=316&met=1772461069%2C&mh=4F&mm=31%2C29&mn=sn-a2oxu-bg0e%2Csn-bg0s7n7l&ms=au%2Crdu&mv=m&mvi=4&pcm2cms=yes&pl=56&rms=au%2Cau&gcr=br&initcwndbps=2430000&bui=AVNa5-w07eky3HH2i0jDS1AR-JrxpS5EpFjF3taRxQ51BgvIAmwR4rQCcNPJ0q7tooOzEHTU8l7Ppk7H&spc=6dlaFDqoFjyV&vprv=1&svpuc=1&mime=audio%2Fmp4&rqh=1&gir=yes&clen=1775992&dur=290.996&lmt=1759565095985319&mt=1772460814&fvip=4&keepalive=yes&fexp=51552689%2C51565116%2C51565681%2C51580968%2C51791334&c=ANDROID_VR&txp=1432534&sparams=expire%2Cei%2Cip%2Cid%2Citag%2Csource%2Crequiressl%2Cxpc%2Cgcr%2Cbui%2Cspc%2Cvprv%2Csvpuc%2Cmime%2Crqh%2Cgir%2Cclen%2Cdur%2Clmt&sig=AHEqNM4wRgIhAPTxlrseGYgrx5_88TMS6Mot0mLOCwrhjforeMfcanXyAiEAgC_z55y2WRcC8Rh_zK2WqWlej77st1VHv_dNN0TfLZA%3D&lsparams=cps%2Cmet%2Cmh%2Cmm%2Cmn%2Cms%2Cmv%2Cmvi%2Cpcm2cms%2Cpl%2Crms%2Cinitcwndbps&lsig=APaTxxMwRgIhAM3cu3b2IuZvUAsMsrkjyK-I8EkbR8mam0SIwlcEL-SLAiEAiKBv6sRJJcIV2fboK_aUFWMlZE-VhlbXRQLAhNCN9m0%3D
INFO: 2026/03/02 11:28:33 Playback stopped
INFO: 2026/03/02 11:28:33 Playback started successfully
INFO: 2026/03/02 11:28:34 Playback stopped
INFO: 2026/03/02 11:28:35 Starting playback: https://rr2---sn-a2oxu-bg0e.googlevideo.com/videoplayback?expire=1772482670&ei=DpylaaD2GPu0nOAPpvPUqQ8&ip=2804%3A868%3Ad054%3Aaa91%3A9188%3Ae4ce%3A2fe8%3A12a9&id=o-ANlXOg1XqV_JqXDs0Xz4udjWPgjimBPAl7Srbf7-nGgV&itag=139&source=youtube&requiressl=yes&xpc=EgVo2aDSNQ%3D%3D&cps=201&met=1772461070%2C&mh=Qt&mm=31%2C29&mn=sn-a2oxu-bg0e%2Csn-bg0e6n7r&ms=au%2Crdu&mv=m&mvi=2&pcm2cms=yes&pl=54&rms=au%2Cau&gcr=br&initcwndbps=2486250&bui=AVNa5-zIIn0_Lnc_hlwlL3fQ9_uVupEgFOnCLQr1J3M348gWZhvXdkw8aEWA2UueMT4Ot5BdhcebjRbT&spc=6dlaFDGxEh_U&vprv=1&svpuc=1&mime=audio%2Fmp4&rqh=1&gir=yes&clen=1568151&dur=256.786&lmt=1707570653694739&mt=1772457213&fvip=5&keepalive=yes&fexp=51552689%2C51565116%2C51565681%2C51580968%2C51791334&c=ANDROID_VR&txp=2318224&sparams=expire%2Cei%2Cip%2Cid%2Citag%2Csource%2Crequiressl%2Cxpc%2Cgcr%2Cbui%2Cspc%2Cvprv%2Csvpuc%2Cmime%2Crqh%2Cgir%2Cclen%2Cdur%2Clmt&sig=AHEqNM4wRAIgJs8mqF1uBVRg89aLpoziW8NyJP6JgnHwzA3etwHirskCIBragy7xD6QMlOv5fS5KmfwcZn9DOKFfN3k4TL-uiSZu&lsparams=cps%2Cmet%2Cmh%2Cmm%2Cmn%2Cms%2Cmv%2Cmvi%2Cpcm2cms%2Cpl%2Crms%2Cinitcwndbps&lsig=APaTxxMwRQIgSLihLFMTos4LYYo-KMgvg3DM44bssfbQTiuuw8jSL-ICIQC7TjsZKbj9mDitinDK7liokOcqrz6NjhAgeH53ydnM1g%3D%3D
INFO: 2026/03/02 11:28:35 Playback stopped
INFO: 2026/03/02 11:28:35 Playback started successfully
INFO: 2026/03/02 11:28:37 Playback stopped
INFO: 2026/03/02 11:28:37 Starting playback: https://rr2---sn-a2oxu-bg0l.googlevideo.com/videoplayback?expire=1772482671&ei=D5ylabSIEsa31sQP5ZumgAw&ip=2804%3A868%3Ad054%3Aaa91%3A9188%3Ae4ce%3A2fe8%3A12a9&id=o-AKptB_taoAaVFRCCN8AHevbgjOsuolU02tvV9Y5Jxt0p&itag=139&source=youtube&requiressl=yes&xpc=EgVo2aDSNQ%3D%3D&cps=165&met=1772461071%2C&mh=e3&mm=31%2C29&mn=sn-a2oxu-bg0l%2Csn-bg0s7n7k&ms=au%2Crdu&mv=m&mvi=2&pcm2cms=yes&pl=54&rms=au%2Cau&gcr=br&initcwndbps=2553750&bui=AVNa5-ziRrqozUavS0-g55bBnZcdIuY21iW6Sq7rdoK6d9pCklN39bbmBH7KZd5mFy3H0p31g79MCGkz&spc=6dlaFCShegNE&vprv=1&svpuc=1&mime=audio%2Fmp4&rqh=1&gir=yes&clen=986107&dur=161.399&lmt=1647407801577426&mt=1772457213&fvip=5&keepalive=yes&fexp=51552689%2C51565116%2C51565681%2C51580968%2C51791334&c=ANDROID_VR&txp=2318224&sparams=expire%2Cei%2Cip%2Cid%2Citag%2Csource%2Crequiressl%2Cxpc%2Cgcr%2Cbui%2Cspc%2Cvprv%2Csvpuc%2Cmime%2Crqh%2Cgir%2Cclen%2Cdur%2Clmt&sig=AHEqNM4wRgIhAJMlU2vTvYhyRSu2y2fpg6kJ-ZhaMVPi-UO80T1KC6Z1AiEA3nCIHvii4_krmZ_BOQgZMZyiFA4bXplV4nP2cnkKmXc%3D&lsparams=cps%2Cmet%2Cmh%2Cmm%2Cmn%2Cms%2Cmv%2Cmvi%2Cpcm2cms%2Cpl%2Crms%2Cinitcwndbps&lsig=APaTxxMwRgIhAK1cFtfZcZIk3eT4AMyI4N3-lQW_G3YQmqwZ5T4FhAAqAiEAuuOH3YCRRsV3xR-LFFcpn2jA3vk0odgtBdhdlhyF_IM%3D
INFO: 2026/03/02 11:28:37 Playback stopped
INFO: 2026/03/02 11:28:37 Playback finished
INFO: 2026/03/02 11:28:37 Playback started successfully
INFO: 2026/03/02 11:28:39 Playback stopped
INFO: 2026/03/02 11:28:39 Starting playback: https://rr1---sn-a2oxu-bg0s.googlevideo.com/videoplayback?expire=1772482672&ei=EJylaebiBfq2obIPwNG32Qg&ip=2804%3A868%3Ad054%3Aaa91%3A9188%3Ae4ce%3A2fe8%3A12a9&id=o-AKTDg-e9QcrxeQkMA3zXraJgiQXieF2BelVdXLsc_nor&itag=139&source=youtube&requiressl=yes&xpc=EgVo2aDSNQ%3D%3D&cps=200&met=1772461072%2C&mh=Ga&mm=31%2C29&mn=sn-a2oxu-bg0s%2Csn-bg0s7n7l&ms=au%2Crdu&mv=m&mvi=1&pl=54&rms=au%2Cau&gcr=br&initcwndbps=2418750&bui=AVNa5-yD14L7DJWBmwSSDx6EfNxWYxnPb3k6DREh2O9NuEHsu14lvIfWOund2jNt24SUo3gUw1qKRAHa&spc=6dlaFMrbiYjC&vprv=1&svpuc=1&mime=audio%2Fmp4&rqh=1&gir=yes&clen=1640323&dur=268.812&lmt=1634554793488276&mt=1772457213&fvip=4&keepalive=yes&fexp=51552689%2C51565116%2C51565681%2C51580968%2C51791334&c=ANDROID_VR&txp=2311224&sparams=expire%2Cei%2Cip%2Cid%2Citag%2Csource%2Crequiressl%2Cxpc%2Cgcr%2Cbui%2Cspc%2Cvprv%2Csvpuc%2Cmime%2Crqh%2Cgir%2Cclen%2Cdur%2Clmt&sig=AHEqNM4wRQIhAPUYFQTM93IP3ZHtGQZtxAjP3waIKuHAcTzn_9A40tQ9AiBPSBjSWGNgvCDr5ZWBQj2o3ZMDIqQMsmBXcsASsXJvdg%3D%3D&lsparams=cps%2Cmet%2Cmh%2Cmm%2Cmn%2Cms%2Cmv%2Cmvi%2Cpl%2Crms%2Cinitcwndbps&lsig=APaTxxMwRgIhAK8P8b0vZxiGcRr6DrhMIaIBBkzg9njpgaVgDdTeMyBsAiEAu2zhBdg11imDDkitafV8ODKbbEkYQF8b9MPq0aN5owg%3D
INFO: 2026/03/02 11:28:39 Playback stopped
INFO: 2026/03/02 11:28:40 Playback started successfully
INFO: 2026/03/02 11:28:40 Playback stopped
INFO: 2026/03/02 11:28:41 Starting playback: https://rr1---sn-bg0s7nlr.googlevideo.com/videoplayback?expire=1772482673&ei=EJylaf3UO9aO-LAPwLzMoA8&ip=2804%3A868%3Ad054%3Aaa91%3A9188%3Ae4ce%3A2fe8%3A12a9&id=o-AIWJXkPIR9E1-a_6gmujE_JyFRj7r0IL_kIvNfdhk4vz&itag=139&source=youtube&requiressl=yes&xpc=EgVo2aDSNQ%3D%3D&cps=186&met=1772461072%2C&mh=3c&mm=31%2C26&mn=sn-bg0s7nlr%2Csn-gpv7ynee&ms=au%2Conr&mv=m&mvi=1&pl=56&rms=au%2Cau&gcr=br&initcwndbps=1415000&bui=AVNa5-xTQpotgDkh-Vi9vZrafD-2AGjzT1kXGSgBrgmZpeH9Xztn_BGHX_OSwp7KVBvWQrXw12SQvyLf&spc=6dlaFI7s0l-0&vprv=1&svpuc=1&mime=audio%2Fmp4&rqh=1&gir=yes&clen=1082562&dur=177.214&lmt=1634638854404428&mt=1772460814&fvip=5&keepalive=yes&fexp=51552689%2C51565116%2C51565681%2C51580968%2C51791334&c=ANDROID_VR&txp=2311224&sparams=expire%2Cei%2Cip%2Cid%2Citag%2Csource%2Crequiressl%2Cxpc%2Cgcr%2Cbui%2Cspc%2Cvprv%2Csvpuc%2Cmime%2Crqh%2Cgir%2Cclen%2Cdur%2Clmt&sig=AHEqNM4wRQIhAKpFgwybQllZd5mua4o6GB3LbyqxLcOMGXdhTihGYxklAiA81ZTHLyO4-PzI0KU-68-btiii6Sq2Bu8G_exLPwE2uQ%3D%3D&lsparams=cps%2Cmet%2Cmh%2Cmm%2Cmn%2Cms%2Cmv%2Cmvi%2Cpl%2Crms%2Cinitcwndbps&lsig=APaTxxMwRQIgY9AwPoYGWullmIBr5t2BM6Xf2u6ViNFC8Q1fl3zvehcCIQCdRrlg3lTyDakkrBDP5507WNGjp69iRdXmlb6pXTEzUQ%3D%3D
INFO: 2026/03/02 11:28:41 Playback stopped
INFO: 2026/03/02 11:28:41 Playback started successfully
INFO: 2026/03/02 11:28:42 Playback stopped
INFO: 2026/03/02 11:28:43 Starting playback: https://rr5---sn-2obg05-co.googlevideo.com/videoplayback?expire=1772482673&ei=EZylabb6KZ3y1sQP1eWY8AQ&ip=2804%3A868%3Ad054%3Aaa91%3A9188%3Ae4ce%3A2fe8%3A12a9&id=o-AEPRb90apGuQlzxAL1YPZliifLGnS780lJgXlRZlprFE&itag=139&source=youtube&requiressl=yes&xpc=EgVo2aDSNQ%3D%3D&cps=225&met=1772461073%2C&mh=HQ&mm=31%2C29&mn=sn-2obg05-co%2Csn-bg0e6nez&ms=au%2Crdu&mv=m&mvi=5&pl=56&rms=au%2Cau&gcr=br&initcwndbps=1415000&bui=AVNa5-woZMhf_1eCWW9L6jOlrHq26qUNWj6kc637dSYBZ1bkAtCuV9sxNAyO74PJ-BkJpIuWGKX_qUpE&spc=6dlaFMHsuQiI&vprv=1&svpuc=1&mime=audio%2Fmp4&rqh=1&gir=yes&clen=1700569&dur=278.519&lmt=1634587556151396&mt=1772460814&fvip=2&keepalive=yes&fexp=51552689%2C51565116%2C51565681%2C51580968%2C51791334&c=ANDROID_VR&txp=2311224&sparams=expire%2Cei%2Cip%2Cid%2Citag%2Csource%2Crequiressl%2Cxpc%2Cgcr%2Cbui%2Cspc%2Cvprv%2Csvpuc%2Cmime%2Crqh%2Cgir%2Cclen%2Cdur%2Clmt&sig=AHEqNM4wRQIgATAoIgw6CO6P23gWCWdQfWrh_EiUcEoZLHhKkx1HslECIQCglDM_Vw6ktp-Eg7rm-odhqC4Vy2WHQkSoqDW9_tyaEg%3D%3D&lsparams=cps%2Cmet%2Cmh%2Cmm%2Cmn%2Cms%2Cmv%2Cmvi%2Cpl%2Crms%2Cinitcwndbps&lsig=APaTxxMwRAIgGVbv-SlqlDO8OqLtNGKYmMTvS47WygsvndJpLVgQ62oCIF4Y06q0Y4IxxIdE9Rt954Pa7ubDMWuc1CupgcAbYDKy
INFO: 2026/03/02 11:28:43 Playback stopped
INFO: 2026/03/02 11:28:43 Playback started successfully
INFO: 2026/03/02 11:28:44 Playback stopped
INFO: 2026/03/02 11:28:45 Starting playback: https://rr1---sn-a2oxu-bg0s.googlevideo.com/videoplayback?expire=1772482674&ei=Epylaf60KbKsobIPyt_s0A4&ip=2804%3A868%3Ad054%3Aaa91%3A9188%3Ae4ce%3A2fe8%3A12a9&id=o-AEqbpCX7QGq1Vx6dg0cGLN4xIwNhPnfgaDVgMh8Yz0U2&itag=139&source=youtube&requiressl=yes&xpc=EgVo2aDSNQ%3D%3D&cps=212&met=1772461074%2C&mh=yy&mm=31%2C29&mn=sn-a2oxu-bg0s%2Csn-2obg05-ji&ms=au%2Crdu&mv=m&mvi=1&pcm2cms=yes&pl=54&rms=au%2Cau&gcr=br&initcwndbps=2418750&bui=AVNa5-zDaljm-yR-Y2kmJkfr8fd-FyVlkmZ7dwQelM7gISv8D_zf0JCSM9cVaceZ7tupv-GPsdemYyBK&spc=6dlaFMg9dRZ0&vprv=1&svpuc=1&mime=audio%2Fmp4&rqh=1&gir=yes&clen=1726769&dur=282.929&lmt=1634658056761005&mt=1772457213&fvip=5&keepalive=yes&fexp=51552689%2C51565116%2C51565681%2C51580968%2C51791334&c=ANDROID_VR&txp=2311224&sparams=expire%2Cei%2Cip%2Cid%2Citag%2Csource%2Crequiressl%2Cxpc%2Cgcr%2Cbui%2Cspc%2Cvprv%2Csvpuc%2Cmime%2Crqh%2Cgir%2Cclen%2Cdur%2Clmt&sig=AHEqNM4wRQIhAP-SsiRmBf4GNqCTLaocO42U6qVQbPT9DB2T0O1BqFOuAiBuoFw5bvadWAQpOSi-Wdc1LbfGJOarY6l9if6A_Uxb_A%3D%3D&lsparams=cps%2Cmet%2Cmh%2Cmm%2Cmn%2Cms%2Cmv%2Cmvi%2Cpcm2cms%2Cpl%2Crms%2Cinitcwndbps&lsig=APaTxxMwRAIgDvYkfHQdWHwcQ6zn2k83FEIdsn-buboY4VmYIeh9nuUCIBy-IkGMtOsvECjzcLAFllCczwiChqdVVu8L_F7qiolW
INFO: 2026/03/02 11:28:45 Playback stopped
INFO: 2026/03/02 11:28:45 Playback started successfully
INFO: 2026/03/02 11:28:46 Playback stopped
INFO: 2026/03/02 11:28:46 Starting playback: https://rr4---sn-a2oxu-bg0e.googlevideo.com/videoplayback?expire=1772482675&ei=E5ylaeHHH9OZobIP192B8AI&ip=2804%3A868%3Ad054%3Aaa91%3A9188%3Ae4ce%3A2fe8%3A12a9&id=o-AKFVS1HbDnrXIKu5Znk-nIDl41BroN7EP8CAazQZTL5L&itag=139&source=youtube&requiressl=yes&xpc=EgVo2aDSNQ%3D%3D&cps=157&met=1772461075%2C&mh=hr&mm=31%2C29&mn=sn-a2oxu-bg0e%2Csn-bg0s7n7d&ms=au%2Crdu&mv=m&mvi=4&pcm2cms=yes&pl=54&rms=au%2Cau&gcr=br&initcwndbps=2486250&bui=AVNa5-ypsQk2nwuGtdC5W5B2DfKb28C4QDfSXEhGPKKNcH7gdTnvPW8XMLMF5MBoUA78K5ULIoq1wIEI&spc=6dlaFJKUAbZi&vprv=1&svpuc=1&mime=audio%2Fmp4&rqh=1&gir=yes&clen=1738235&dur=284.746&lmt=1696290302466686&mt=1772457213&fvip=4&keepalive=yes&fexp=51552689%2C51565116%2C51565681%2C51580968%2C51791334&c=ANDROID_VR&txp=2311224&sparams=expire%2Cei%2Cip%2Cid%2Citag%2Csource%2Crequiressl%2Cxpc%2Cgcr%2Cbui%2Cspc%2Cvprv%2Csvpuc%2Cmime%2Crqh%2Cgir%2Cclen%2Cdur%2Clmt&sig=AHEqNM4wRgIhALHrYmtP1KsWai1V3QUNKHUdrpzSRba7hPDt_t-8e-yBAiEA2Tr9wqn4Jk7TuVbVWsT1rrrXaOSq9SAJS4H0NPfY2IQ%3D&lsparams=cps%2Cmet%2Cmh%2Cmm%2Cmn%2Cms%2Cmv%2Cmvi%2Cpcm2cms%2Cpl%2Crms%2Cinitcwndbps&lsig=APaTxxMwRAIgaGROuB4dU9LABvQ-4v7gUDXh7Z3708IWcyLTSkQjfBoCIFH89CfYgeCYwxXCptS9LJiKdjq0VTNO9TSzSFNvIJGa
INFO: 2026/03/02 11:28:46 Playback stopped
INFO: 2026/03/02 11:28:47 Playback started successfully
INFO: 2026/03/02 11:28:48 Playback stopped
INFO: 2026/03/02 11:28:48 Starting playback: https://rr2---sn-a2oxu-bg0l.googlevideo.com/videoplayback?expire=1772482676&ei=FJylaeWQDuafobIPg5LioQk&ip=2804%3A868%3Ad054%3Aaa91%3A9188%3Ae4ce%3A2fe8%3A12a9&id=o-AG3QHxDcvP2OJrbRbk-XctzYtjB5EWFcje9qp9m-himW&itag=139&source=youtube&requiressl=yes&xpc=EgVo2aDSNQ%3D%3D&cps=241&met=1772461076%2C&mh=ko&mm=31%2C29&mn=sn-a2oxu-bg0l%2Csn-bg0s7n7k&ms=au%2Crdu&mv=m&mvi=2&pl=54&rms=au%2Cau&gcr=br&initcwndbps=2553750&bui=AVNa5-xrOy31Djx0rKNFfW21z02rw65rPXOMxlFHJSC3_3C2C_MvTsVwtytkxcN14sbi6iGmdEuWYRaQ&spc=6dlaFJcjN9Rl&vprv=1&svpuc=1&mime=audio%2Fmp4&rqh=1&gir=yes&clen=1094887&dur=179.199&lmt=1634479058884069&mt=1772457213&fvip=3&keepalive=yes&fexp=51552689%2C51565116%2C51565681%2C51580968%2C51791334&c=ANDROID_VR&txp=2311224&sparams=expire%2Cei%2Cip%2Cid%2Citag%2Csource%2Crequiressl%2Cxpc%2Cgcr%2Cbui%2Cspc%2Cvprv%2Csvpuc%2Cmime%2Crqh%2Cgir%2Cclen%2Cdur%2Clmt&sig=AHEqNM4wRgIhAOUKf1hviGFywBdiLhDV_vSp64QQyysgElTtAToMGYxHAiEA8rlZS00F6bdDelkdZVKK7FuEqGtNkiizFrjJurNvI_U%3D&lsparams=cps%2Cmet%2Cmh%2Cmm%2Cmn%2Cms%2Cmv%2Cmvi%2Cpl%2Crms%2Cinitcwndbps&lsig=APaTxxMwRgIhAOnwg0JEq2kmAMXyVRHYBeFKTUtiXIz8lOQRQizZ7VRiAiEA09bqRQONYscajxELnljMZ2xAKAyvKdGfi3m8a98e3do%3D
INFO: 2026/03/02 11:28:48 Playback stopped
INFO: 2026/03/02 11:28:50 Playback started successfully
INFO: 2026/03/02 11:28:51 Playback stopped
INFO: 2026/03/02 11:28:51 Starting playback: https://rr2---sn-a2oxu-bg0e.googlevideo.com/videoplayback?expire=1772482677&ei=FZylafCDCqGT-LAPlunK2AI&ip=2804%3A868%3Ad054%3Aaa91%3A9188%3Ae4ce%3A2fe8%3A12a9&id=o-AJLkN9fxB8T-kwz5z1_nGWAeoJqnxZGz4kov_nppvggz&itag=139&source=youtube&requiressl=yes&xpc=EgVo2aDSNQ%3D%3D&cps=233&met=1772461077%2C&mh=iN&mm=31%2C29&mn=sn-a2oxu-bg0e%2Csn-bg0e6nek&ms=au%2Crdu&mv=m&mvi=2&pcm2cms=yes&pl=54&rms=au%2Cau&gcr=br&initcwndbps=2486250&bui=AVNa5-yzz0hcTW0rv4nXPjwH1apMW_vU9lWKaFruXwC-cIyhU2yUwpHp927nyungvKqoGkvczahLN_WJ&spc=6dlaFLh9nwxE&vprv=1&svpuc=1&mime=audio%2Fmp4&rqh=1&gir=yes&clen=1615035&dur=264.559&lmt=1634508723522476&mt=1772457213&fvip=5&keepalive=yes&fexp=51552689%2C51565116%2C51565681%2C51580968%2C51791334&c=ANDROID_VR&txp=2311224&sparams=expire%2Cei%2Cip%2Cid%2Citag%2Csource%2Crequiressl%2Cxpc%2Cgcr%2Cbui%2Cspc%2Cvprv%2Csvpuc%2Cmime%2Crqh%2Cgir%2Cclen%2Cdur%2Clmt&sig=AHEqNM4wRQIgbTo4uFydGPzsd0xw9M3E5hcfGKG0tnteL0FiUN5QNdUCIQCZGIR9mbB6Us-OuIJy4dsJjLvwtQlZoWEn5Dt3c7z4MQ%3D%3D&lsparams=cps%2Cmet%2Cmh%2Cmm%2Cmn%2Cms%2Cmv%2Cmvi%2Cpcm2cms%2Cpl%2Crms%2Cinitcwndbps&lsig=APaTxxMwRQIgI8L2lsl6SFqW1YRGIwWQeNKbV7AedE8mD3CBWA8AIaICIQDP7zuNOsUXKl2u0Rc2kbSUD01NNZBbIzD6s3FzIAy1sw%3D%3D
INFO: 2026/03/02 11:28:51 Playback stopped
INFO: 2026/03/02 11:28:51 Playback finished
INFO: 2026/03/02 11:28:51 Playback started successfully
INFO: 2026/03/02 11:28:51 Playback stopped
INFO: 2026/03/02 11:28:52 Starting playback: https://rr1---sn-a2oxu-bg0s.googlevideo.com/videoplayback?expire=1772482678&ei=FpylaeHCAZuZ1sQPmuLRsQY&ip=2804%3A868%3Ad054%3Aaa91%3A9188%3Ae4ce%3A2fe8%3A12a9&id=o-AK_JU-Rzhi31x_asftYI5VSkf8PG4HyTgaEwNdOrKaw8&itag=139&source=youtube&requiressl=yes&xpc=EgVo2aDSNQ%3D%3D&cps=210&met=1772461078%2C&mh=yy&mm=31%2C29&mn=sn-a2oxu-bg0s%2Csn-bg0s7n7l&ms=au%2Crdu&mv=m&mvi=1&pcm2cms=yes&pl=54&rms=au%2Cau&gcr=br&initcwndbps=2418750&bui=AVNa5-w0ZMbaB7y1kdlh_MTWDMmDQWRJhvOfvfj-RUGSOLvrA02ICY47yL2rqu131HSElU1echwkezlG&spc=6dlaFCrz1uKk&vprv=1&svpuc=1&mime=audio%2Fmp4&rqh=1&gir=yes&clen=1751375&dur=286.877&lmt=1634557679106709&mt=1772457213&fvip=1&keepalive=yes&fexp=51552689%2C51565116%2C51565681%2C51580968%2C51791334&c=ANDROID_VR&txp=2311224&sparams=expire%2Cei%2Cip%2Cid%2Citag%2Csource%2Crequiressl%2Cxpc%2Cgcr%2Cbui%2Cspc%2Cvprv%2Csvpuc%2Cmime%2Crqh%2Cgir%2Cclen%2Cdur%2Clmt&sig=AHEqNM4wRQIhAI9uZNkdqZo0ZzB-vrYuJKGCQY-wQlBHVOXkU9rjICcpAiBw697No6_cK9byGz3HQw-SouV3vsRlfCCDO0xUafJkvg%3D%3D&lsparams=cps%2Cmet%2Cmh%2Cmm%2Cmn%2Cms%2Cmv%2Cmvi%2Cpcm2cms%2Cpl%2Crms%2Cinitcwndbps&lsig=APaTxxMwRAIgeHwCRExo8Ga0seX_P_5pWS1jCenk-rOWLs9cxeM40_QCIDtDHAmVkQXAPz4dhsFbLsj2Q-BWdVUdx2IVJZ4PgtRh
INFO: 2026/03/02 11:28:52 Playback stopped
INFO: 2026/03/02 11:28:52 Playback started successfully
INFO: 2026/03/02 11:28:55 Playback stopped
INFO: 2026/03/02 11:28:55 Starting playback: https://rr4---sn-a2oxu-bg0e.googlevideo.com/videoplayback?expire=1772482678&ei=FpylaYD7NpWXobIPlo6c-QI&ip=2804%3A868%3Ad054%3Aaa91%3A9188%3Ae4ce%3A2fe8%3A12a9&id=o-AD4nutRDVxsXqFSPm_MCqJDMDDnfUjjg-JqO2PJfugJM&itag=139&source=youtube&requiressl=yes&xpc=EgVo2aDSNQ%3D%3D&cps=174&met=1772461078%2C&mh=d3&mm=31%2C29&mn=sn-a2oxu-bg0e%2Csn-bg0s7n7d&ms=au%2Crdu&mv=m&mvi=4&pcm2cms=yes&pl=56&rms=au%2Cau&gcr=br&initcwndbps=2430000&bui=AVNa5-zFdyLcnHLKT0pqgG8qP-iRcDY9B9z7WD_6iJjGRGzQMSNRPfwSvHMSv9b3X90Dzp2wkC_Z56v0&spc=6dlaFNcSaer1&vprv=1&svpuc=1&mime=audio%2Fmp4&rqh=1&gir=yes&clen=1950095&dur=319.518&lmt=1759813012952606&mt=1772460814&fvip=5&keepalive=yes&fexp=51552689%2C51565116%2C51565681%2C51580968%2C51791334&c=ANDROID_VR&txp=1432534&sparams=expire%2Cei%2Cip%2Cid%2Citag%2Csource%2Crequiressl%2Cxpc%2Cgcr%2Cbui%2Cspc%2Cvprv%2Csvpuc%2Cmime%2Crqh%2Cgir%2Cclen%2Cdur%2Clmt&sig=AHEqNM4wRgIhAO075cXyIedcb_Hb-wlWMxrqGxS827Rxu0OafXVLMRCsAiEAuFM8H_zxvJZtkyhpigb4owe2fa_MA-zkOZ7aCYGGJNg%3D&lsparams=cps%2Cmet%2Cmh%2Cmm%2Cmn%2Cms%2Cmv%2Cmvi%2Cpcm2cms%2Cpl%2Crms%2Cinitcwndbps&lsig=APaTxxMwRgIhAIgq4GcsIxeE2iDd2d_s_9fVUEkOSe5dk5gQ5u8zmw9CAiEAqHgSH3RuLhb2fu0ufDnwxrsB3errl9d4JrTb9YCo8mM%3D
INFO: 2026/03/02 11:28:55 Playback stopped
INFO: 2026/03/02 11:28:56 Playback started successfully
INFO: 2026/03/02 11:28:56 Playback stopped
INFO: 2026/03/02 11:28:56 Starting playback: https://rr1---sn-a2oxu-bg0e.googlevideo.com/videoplayback?expire=1772482679&ei=F5ylaYfQLOGUobIP_qSBmQs&ip=2804%3A868%3Ad054%3Aaa91%3A9188%3Ae4ce%3A2fe8%3A12a9&id=o-ADwJMJ_JoNrPADVHvO1HLnTRjZnhzAOrzpxLznqC_efS&itag=139&source=youtube&requiressl=yes&xpc=EgVo2aDSNQ%3D%3D&cps=176&met=1772461079%2C&mh=xq&mm=31%2C29&mn=sn-a2oxu-bg0e%2Csn-bg0s7nls&ms=au%2Crdu&mv=m&mvi=1&pcm2cms=yes&pl=54&rms=au%2Cau&gcr=br&initcwndbps=2486250&bui=AVNa5-yZVTK71IcFwiOmR54Sko1qCSkj2EiiDeo0msODtf4Gq_2MpVdnnctqUNk4kNkMxog1_NMPL1JW&spc=6dlaFIMRegQT&vprv=1&svpuc=1&mime=audio%2Fmp4&rqh=1&gir=yes&clen=1009897&dur=165.226&lmt=1628067386449311&mt=1772457213&fvip=3&keepalive=yes&fexp=51552689%2C51565116%2C51565681%2C51580968%2C51791334&c=ANDROID_VR&txp=2311222&sparams=expire%2Cei%2Cip%2Cid%2Citag%2Csource%2Crequiressl%2Cxpc%2Cgcr%2Cbui%2Cspc%2Cvprv%2Csvpuc%2Cmime%2Crqh%2Cgir%2Cclen%2Cdur%2Clmt&sig=AHEqNM4wRQIhAMj-CxL73RDCFyVqiQHe4BT_GoUDwgdYU04e7LCODzRjAiAWLj0ofaJNn4Do8kqoYCnRQmywdPPlt9WEBOExNu9xbw%3D%3D&lsparams=cps%2Cmet%2Cmh%2Cmm%2Cmn%2Cms%2Cmv%2Cmvi%2Cpcm2cms%2Cpl%2Crms%2Cinitcwndbps&lsig=APaTxxMwRQIgCR6zRN7ydwwi3c352wXB0HdeqEMM1gkwwKbiQ344_YQCIQDJRTozntMw6uo7PzvXSfYQ_uqNqVCFxZHMqZ62-IKwng%3D%3D
INFO: 2026/03/02 11:28:56 Playback stopped
INFO: 2026/03/02 11:28:57 Playback started successfully
INFO: 2026/03/02 11:28:57 Playback stopped
INFO: 2026/03/02 11:28:58 Starting playback: https://rr3---sn-a2oxu-bg0e.googlevideo.com/videoplayback?expire=1772482680&ei=GJylafvVJrTCobIP4I2S4AI&ip=2804%3A868%3Ad054%3Aaa91%3A9188%3Ae4ce%3A2fe8%3A12a9&id=o-AJrCZe455MmHHSd6KOqipv3pBr2VmEZNu8Ga7nZk3U_3&itag=139&source=youtube&requiressl=yes&xpc=EgVo2aDSNQ%3D%3D&cps=286&met=1772461080%2C&mh=2Q&mm=31%2C29&mn=sn-a2oxu-bg0e%2Csn-bg0e6ner&ms=au%2Crdu&mv=m&mvi=3&pcm2cms=yes&pl=54&rms=au%2Cau&gcr=br&initcwndbps=2486250&bui=AVNa5-yo_qW_f_fN4I4OO9I0yZE75K6vZaewGXtYgt5jjSysxmJbUiSec5k-2ATraGHdUi6L74h-NKVr&spc=6dlaFIq86HwH&vprv=1&svpuc=1&mime=audio%2Fmp4&rqh=1&gir=yes&clen=1917703&dur=314.159&lmt=1759894509437665&mt=1772457213&fvip=3&keepalive=yes&fexp=51552689%2C51565116%2C51565681%2C51580968%2C51791334&c=ANDROID_VR&txp=1432534&sparams=expire%2Cei%2Cip%2Cid%2Citag%2Csource%2Crequiressl%2Cxpc%2Cgcr%2Cbui%2Cspc%2Cvprv%2Csvpuc%2Cmime%2Crqh%2Cgir%2Cclen%2Cdur%2Clmt&sig=AHEqNM4wRgIhAP6CKuP2w7Fty83IVfkD1gXDBugpihIuGR1FH0f9Z0QIAiEAjbj1jS-UYQU97o695dGDRKfvTByBfvhtrgyQYAEERJg%3D&lsparams=cps%2Cmet%2Cmh%2Cmm%2Cmn%2Cms%2Cmv%2Cmvi%2Cpcm2cms%2Cpl%2Crms%2Cinitcwndbps&lsig=APaTxxMwRAIgHpz-LsLPYqUBiwXhX8zYiTzW5Q167jzdQIhz3dWoRJwCIByptGQB4KWjyYCu4lADHuGxTg4FCUN7PsfFMCo6gHCI
INFO: 2026/03/02 11:28:58 Playback stopped
INFO: 2026/03/02 11:28:58 Playback started successfully
INFO: 2026/03/02 11:28:59 Playback stopped
INFO: 2026/03/02 11:28:59 Starting playback: https://rr1---sn-a2oxu-bg0s.googlevideo.com/videoplayback?expire=1772482681&ei=GZylaZC3IqSzobIP5orUsA4&ip=2804%3A868%3Ad054%3Aaa91%3A9188%3Ae4ce%3A2fe8%3A12a9&id=o-ANoe-Ip7g8sjbncM0hRH8yVxKzcCH-qBPr7bex7NLrPu&itag=139&source=youtube&requiressl=yes&xpc=EgVo2aDSNQ%3D%3D&cps=343&met=1772461081%2C&mh=WX&mm=31%2C29&mn=sn-a2oxu-bg0s%2Csn-bg0s7n7s&ms=au%2Crdu&mv=m&mvi=1&pl=54&rms=au%2Cau&gcr=br&initcwndbps=2418750&bui=AVNa5-y9MQyChtsYzLKCJvMVcygM7aNUIFgqmeXVbyJ6av12qJv1LxGFlTkEA8FFg5XWTuV5iVnLCFNf&spc=6dlaFI7KXtBZ&vprv=1&svpuc=1&mime=audio%2Fmp4&rqh=1&gir=yes&clen=1027287&dur=167.999&lmt=1759744470359982&mt=1772457213&fvip=5&keepalive=yes&fexp=51552689%2C51565116%2C51565681%2C51580968%2C51791334&c=ANDROID_VR&txp=1432534&sparams=expire%2Cei%2Cip%2Cid%2Citag%2Csource%2Crequiressl%2Cxpc%2Cgcr%2Cbui%2Cspc%2Cvprv%2Csvpuc%2Cmime%2Crqh%2Cgir%2Cclen%2Cdur%2Clmt&sig=AHEqNM4wRQIhAL44y8NVDrzdo8kRTI1p-plCCdFZLoHBn_HKMFAEjyJ0AiAwgac5o1aIFXicXHgdKGAIyto4Pa4nzwAHXQgkgbRe8g%3D%3D&lsparams=cps%2Cmet%2Cmh%2Cmm%2Cmn%2Cms%2Cmv%2Cmvi%2Cpl%2Crms%2Cinitcwndbps&lsig=APaTxxMwRQIgPpN4qjQ3TlI4LRY8qayrcDWg3Fj4yd4aVjlico78TR8CIQCq2vU0MoQfPWSTpb-hCkxTIg_Td0DldHSbQrrupQq1Hg%3D%3D
INFO: 2026/03/02 11:28:59 Playback stopped
INFO: 2026/03/02 11:29:00 Playback started successfully
INFO: 2026/03/02 11:29:01 Playback stopped
INFO: 2026/03/02 11:29:01 Starting playback: https://rr1---sn-a2oxu-bg0s.googlevideo.com/videoplayback?expire=1772482682&ei=GpyladL1G9WWobIPu7WWwQ8&ip=2804%3A868%3Ad054%3Aaa91%3A9188%3Ae4ce%3A2fe8%3A12a9&id=o-AO2divgryaGSCySoEaOD8axkDlpqwh4f-ESDdLbB7m1q&itag=139&source=youtube&requiressl=yes&xpc=EgVo2aDSNQ%3D%3D&cps=267&met=1772461082%2C&mh=EO&mm=31%2C29&mn=sn-a2oxu-bg0s%2Csn-bg0s7n7s&ms=au%2Crdu&mv=m&mvi=1&pl=54&rms=au%2Cau&gcr=br&initcwndbps=2418750&bui=AVNa5-xDp5pkfE16AjmYaP1o9NNQQ6ptYdNrdj6b5iYeken3YwsGzkmvKO5w9iq8nYczA8GbKzfhBmcR&spc=6dlaFAE3n2b-&vprv=1&svpuc=1&mime=audio%2Fmp4&rqh=1&gir=yes&clen=1474871&dur=241.597&lmt=1706954150501065&mt=1772457213&fvip=4&keepalive=yes&fexp=51552689%2C51565116%2C51565681%2C51580968%2C51791334&c=ANDROID_VR&txp=2318224&sparams=expire%2Cei%2Cip%2Cid%2Citag%2Csource%2Crequiressl%2Cxpc%2Cgcr%2Cbui%2Cspc%2Cvprv%2Csvpuc%2Cmime%2Crqh%2Cgir%2Cclen%2Cdur%2Clmt&sig=AHEqNM4wRQIgEsnZwFWfeWMN8EDRbqgaVpKqplgDec26zqfBwr37d3ACIQCUhtDmzW18ckkpWYWunppy-MhM6EZFZfE56ocUwIIoyw%3D%3D&lsparams=cps%2Cmet%2Cmh%2Cmm%2Cmn%2Cms%2Cmv%2Cmvi%2Cpl%2Crms%2Cinitcwndbps&lsig=APaTxxMwRQIgOcA4ZtluK0ewlLgvM-qLYu1f4AweUFYsPlwFDuy0h18CIQCe_BHZ6DhcPTWpN6n-7OOavb9Z2GRGqPfBIMMX5aUCmA%3D%3D
INFO: 2026/03/02 11:29:01 Playback stopped
INFO: 2026/03/02 11:29:02 Playback started successfully
INFO: 2026/03/02 11:29:02 Playback stopped
INFO: 2026/03/02 11:29:03 Starting playback: https://rr2---sn-a2oxu-bg0e.googlevideo.com/videoplayback?expire=1772482683&ei=G5ylab-_FNmX-LAP7vjJ4QU&ip=2804%3A868%3Ad054%3Aaa91%3A9188%3Ae4ce%3A2fe8%3A12a9&id=o-AFibX_VpcPnUyoRNmmZtilS5igt5--KaDpFE3z4cbDwy&itag=139&source=youtube&requiressl=yes&xpc=EgVo2aDSNQ%3D%3D&cps=222&met=1772461083%2C&mh=Sb&mm=31%2C29&mn=sn-a2oxu-bg0e%2Csn-bg0e6nel&ms=au%2Crdu&mv=m&mvi=2&pcm2cms=yes&pl=54&rms=au%2Cau&gcr=br&initcwndbps=2486250&bui=AVNa5-wNirSBL1dRzlgdhfHp93g37UANMckwt-5-fyWEBIL2opozs5y0Pl4QhOCiwHSSSSxvG70W0nG3&spc=6dlaFDdsGDU_&vprv=1&svpuc=1&mime=audio%2Fmp4&rqh=1&gir=yes&clen=1563858&dur=256.348&lmt=1705899027190179&mt=1772457213&fvip=4&keepalive=yes&fexp=51552689%2C51565116%2C51565681%2C51580968%2C51791334&c=ANDROID_VR&txp=4432434&sparams=expire%2Cei%2Cip%2Cid%2Citag%2Csource%2Crequiressl%2Cxpc%2Cgcr%2Cbui%2Cspc%2Cvprv%2Csvpuc%2Cmime%2Crqh%2Cgir%2Cclen%2Cdur%2Clmt&sig=AHEqNM4wRQIgG6yE4PmdM0B4KASPGBPBeH42juMmeFuma4Dz4yBHpYwCIQDbWioKE_tKZXn_Znk-uzRGzxVb0IPGdq2vJa-lFId8QQ%3D%3D&lsparams=cps%2Cmet%2Cmh%2Cmm%2Cmn%2Cms%2Cmv%2Cmvi%2Cpcm2cms%2Cpl%2Crms%2Cinitcwndbps&lsig=APaTxxMwRQIgapber9_RTv-Bs7eA4UIDBKBudjS0ML8q4mKntjmnwP0CIQDMDN4wdqYPmy3ijM3ZLIDoDB2wh-oHCYIBRgvqqWZS3A%3D%3D
INFO: 2026/03/02 11:29:03 Playback stopped
INFO: 2026/03/02 11:29:03 Playback started successfully
INFO: 2026/03/02 11:29:04 Playback stopped
INFO: 2026/03/02 11:29:04 Starting playback: https://rr2---sn-a2oxu-bg0l.googlevideo.com/videoplayback?expire=1772482684&ei=HJylac_CDLix1sQP4L7wuAw&ip=2804%3A868%3Ad054%3Aaa91%3A9188%3Ae4ce%3A2fe8%3A12a9&id=o-AE_mtF6x4ZKELbKeR5xHaKUPK1J-VaSriXzDF9oeP5W-&itag=139&source=youtube&requiressl=yes&xpc=EgVo2aDSNQ%3D%3D&cps=157&met=1772461084%2C&mh=AO&mm=31%2C29&mn=sn-a2oxu-bg0l%2Csn-bg0s7n76&ms=au%2Crdu&mv=m&mvi=2&pl=54&rms=au%2Cau&initcwndbps=2553750&bui=AVNa5-xS-qAvwYgDA3D4LpBMtJbcs3mOdSNlXJqBqVV9021WC2e1dhuZDiI4LwsIfLuGdvND25jYTtKB&spc=6dlaFDUuKcCn&vprv=1&svpuc=1&mime=audio%2Fmp4&rqh=1&gir=yes&clen=1826612&dur=299.444&lmt=1705884191229048&mt=1772457213&fvip=1&keepalive=yes&fexp=51552689%2C51565116%2C51565681%2C51580968%2C51791334&c=ANDROID_VR&txp=4532434&sparams=expire%2Cei%2Cip%2Cid%2Citag%2Csource%2Crequiressl%2Cxpc%2Cbui%2Cspc%2Cvprv%2Csvpuc%2Cmime%2Crqh%2Cgir%2Cclen%2Cdur%2Clmt&sig=AHEqNM4wRQIgCH9rRAwsowMa4-LLTaDIKBP1Yl0fUMwDgjWcqEFm-RACIQCzco_0erTmR-2TQiVPeHS-J7RpTVq4tkzaC2bUZOY6UA%3D%3D&lsparams=cps%2Cmet%2Cmh%2Cmm%2Cmn%2Cms%2Cmv%2Cmvi%2Cpl%2Crms%2Cinitcwndbps&lsig=APaTxxMwRgIhANo-Y_xmciybgRm_gb38LCx0KLyqjRlJiqbrcaN3QvqpAiEAvsXYI7T4gHZ_RSUzNQIwQ8nUUNt3ZP1dkeivFmArhTQ%3D
INFO: 2026/03/02 11:29:04 Playback stopped
INFO: 2026/03/02 11:29:05 Playback started successfully
INFO: 2026/03/02 11:29:05 Playback stopped
INFO: 2026/03/02 11:29:06 Starting playback: https://rr2---sn-a2oxu-bg0l.googlevideo.com/videoplayback?expire=1772482685&ei=HZylaeS2GIeS-LAPqPW-0Q8&ip=2804%3A868%3Ad054%3Aaa91%3A9188%3Ae4ce%3A2fe8%3A12a9&id=o-APtDEc8qJeUkJqSeqspca-RZl4o_tqPnsnBY4DtqbSyr&itag=139&source=youtube&requiressl=yes&xpc=EgVo2aDSNQ%3D%3D&cps=112&met=1772461085%2C&mh=jX&mm=31%2C29&mn=sn-a2oxu-bg0l%2Csn-bg0e6nll&ms=au%2Crdu&mv=m&mvi=2&pl=54&rms=au%2Cau&gcr=br&initcwndbps=2553750&bui=AVNa5-xHIrKplc2sUmsTy9NdslN44oaiswSKSpAEx2nDMQkthvlmgxPrP8W1Ki_eOTOKjEHNbTSP8GGS&spc=6dlaFGG4cm5F&vprv=1&svpuc=1&mime=audio%2Fmp4&rqh=1&gir=yes&clen=1816359&dur=297.506&lmt=1647407833046573&mt=1772457213&fvip=2&keepalive=yes&fexp=51552689%2C51565116%2C51565681%2C51580968%2C51791334&c=ANDROID_VR&txp=2318224&sparams=expire%2Cei%2Cip%2Cid%2Citag%2Csource%2Crequiressl%2Cxpc%2Cgcr%2Cbui%2Cspc%2Cvprv%2Csvpuc%2Cmime%2Crqh%2Cgir%2Cclen%2Cdur%2Clmt&sig=AHEqNM4wRQIhALTxqX4QoqnR9clXp_NBUdyQk_v8-LVEk3ZC4qNQ-sKuAiAKLbMqZrnipd24VhBXyGvVZcIfzgKaPTkko5oQU8cuHQ%3D%3D&lsparams=cps%2Cmet%2Cmh%2Cmm%2Cmn%2Cms%2Cmv%2Cmvi%2Cpl%2Crms%2Cinitcwndbps&lsig=APaTxxMwRAIgfIpPTYlUiWJSSjUW5MgNT6uX-7SxqxljedTCawLg6TICIFcR2EqYxn6N8BGY0KU4Z1vEITHH4rHcvL5IWexuaDea
INFO: 2026/03/02 11:29:06 Playback stopped
INFO: 2026/03/02 11:29:06 Playback started successfully
INFO: 2026/03/02 11:29:06 Playback stopped
INFO: 2026/03/02 11:29:07 Starting playback: https://rr3---sn-a2oxu-bg0e.googlevideo.com/videoplayback?expire=1772482686&ei=HpylaYiQE7vw-LAPh5LoiQM&ip=2804%3A868%3Ad054%3Aaa91%3A9188%3Ae4ce%3A2fe8%3A12a9&id=o-AAGC_mCU0MufLAqb4-bhdqz0PwH1v9kRH_QdTSHoA6Y1&itag=139&source=youtube&requiressl=yes&xpc=EgVo2aDSNQ%3D%3D&cps=167&met=1772461086%2C&mh=OM&mm=31%2C29&mn=sn-a2oxu-bg0e%2Csn-bg0s7n7r&ms=au%2Crdu&mv=m&mvi=3&pcm2cms=yes&pl=54&rms=au%2Cau&gcr=br&initcwndbps=2486250&bui=AVNa5-yalnjIIr9jTbca_G_OoK6TcSmqFElwLFwoVV73SRQdKZcJ4Ix9uty06Cx0MKCH2OQRtCEwbJLM&spc=6dlaFHb0cEqx&vprv=1&svpuc=1&mime=audio%2Fmp4&rqh=1&gir=yes&clen=1431050&dur=234.319&lmt=1647408031178601&mt=1772457213&fvip=3&keepalive=yes&fexp=51552689%2C51565116%2C51565681%2C51580968%2C51791334&c=ANDROID_VR&txp=2318224&sparams=expire%2Cei%2Cip%2Cid%2Citag%2Csource%2Crequiressl%2Cxpc%2Cgcr%2Cbui%2Cspc%2Cvprv%2Csvpuc%2Cmime%2Crqh%2Cgir%2Cclen%2Cdur%2Clmt&sig=AHEqNM4wRAIgeIbDw8NVZHlwFUXVJ7CwaBGxKfY5VNIEyy-WF7g9r1UCIEJ3bEz_8mpzWHgzuwWV_bA5gBER39Qan_IbaMNYsS2u&lsparams=cps%2Cmet%2Cmh%2Cmm%2Cmn%2Cms%2Cmv%2Cmvi%2Cpcm2cms%2Cpl%2Crms%2Cinitcwndbps&lsig=APaTxxMwRgIhAJ911kSYcMOIEsc8JQCmzdIO8cgJ44xNbFEoEtcHVbrTAiEAoEkH7h-nD08qc6feyjN-WqHfTFYany4bY73fvIUYZkE%3D
INFO: 2026/03/02 11:29:07 Playback stopped
INFO: 2026/03/02 11:29:08 Playback started successfully
INFO: 2026/03/02 11:29:08 Playback stopped
INFO: 2026/03/02 11:29:08 Starting playback: https://rr2---sn-a2oxu-bg0l.googlevideo.com/videoplayback?expire=1772482687&ei=H5ylaczQFKGtobIP272KyA4&ip=2804%3A868%3Ad054%3Aaa91%3A9188%3Ae4ce%3A2fe8%3A12a9&id=o-ABelF1wzvPtSUHap7PopthFS5xLI7b1-Y2Sl04B7YKTE&itag=139&source=youtube&requiressl=yes&xpc=EgVo2aDSNQ%3D%3D&cps=202&met=1772461087%2C&mh=vw&mm=31%2C29&mn=sn-a2oxu-bg0l%2Csn-bg0e6nez&ms=au%2Crdu&mv=m&mvi=2&pcm2cms=yes&pl=56&rms=au%2Cau&gcr=br&initcwndbps=2190000&bui=AVNa5-wjB6WQ1wEa228UGZzH0QoaK5FWR9hu8AU77iGM6cU9AsHE_YrgG9E7RES0F8oiZSqIgCFPZ95t&spc=6dlaFEWc5TLZ&vprv=1&svpuc=1&mime=audio%2Fmp4&rqh=1&gir=yes&clen=1465137&dur=240.066&lmt=1647407829279156&mt=1772460814&fvip=5&keepalive=yes&fexp=51552689%2C51565116%2C51565681%2C51580968%2C51791334&c=ANDROID_VR&txp=2318224&sparams=expire%2Cei%2Cip%2Cid%2Citag%2Csource%2Crequiressl%2Cxpc%2Cgcr%2Cbui%2Cspc%2Cvprv%2Csvpuc%2Cmime%2Crqh%2Cgir%2Cclen%2Cdur%2Clmt&sig=AHEqNM4wRAIgcMxaKLg1up62_1XJNajgXUUo4WqaHm7z7fuxQGm8DYICIBy1Ed7KZN_h2zR_j0yQxItrAZ05qs2Ei7EYFof8nbdI&lsparams=cps%2Cmet%2Cmh%2Cmm%2Cmn%2Cms%2Cmv%2Cmvi%2Cpcm2cms%2Cpl%2Crms%2Cinitcwndbps&lsig=APaTxxMwRQIgYqlXa_KjZZugW9IqL3JNPM1W35Rl16jXCxwWvK00v34CIQD5tLe_Jo0DjKtvkl34PPziM-rAxqYhiIirlencExHvsg%3D%3D
INFO: 2026/03/02 11:29:08 Playback stopped
INFO: 2026/03/02 11:29:09 Playback started successfully
INFO: 2026/03/02 11:29:11 Playback stopped
INFO: 2026/03/02 11:29:11 Starting playback: https://rr1---sn-qxn3uv2npbh5oxu-8j2s.googlevideo.com/videoplayback?expire=1772482688&ei=IJylacTPBNipobIPppea6QI&ip=2804%3A868%3Ad054%3Aaa91%3A9188%3Ae4ce%3A2fe8%3A12a9&id=o-AOgN5phfrIcSnzwL5vK4ECmMfNt_393NdJSTtZit9_SH&itag=139&source=youtube&requiressl=yes&xpc=EgVo2aDSNQ%3D%3D&cps=208&met=1772461088%2C&mh=Xe&mm=31%2C29&mn=sn-qxn3uv2npbh5oxu-8j2s%2Csn-bg0s7nld&ms=au%2Crdu&mv=m&mvi=1&pl=54&rms=au%2Cau&gcr=br&initcwndbps=1898750&bui=AVNa5-wsljg8NlZI0DZQtK_ampqaPLNgDM4chSWHNdI_sgDtqZe7lBGToLieiAydjHOhvyGAO6qCyusM&spc=6dlaFKtAV-f9&vprv=1&svpuc=1&mime=audio%2Fmp4&rqh=1&gir=yes&clen=1311666&dur=214.733&lmt=1634674847932449&mt=1772457213&fvip=3&keepalive=yes&fexp=51552689%2C51565116%2C51565681%2C51580968%2C51791334&c=ANDROID_VR&txp=2311224&sparams=expire%2Cei%2Cip%2Cid%2Citag%2Csource%2Crequiressl%2Cxpc%2Cgcr%2Cbui%2Cspc%2Cvprv%2Csvpuc%2Cmime%2Crqh%2Cgir%2Cclen%2Cdur%2Clmt&sig=AHEqNM4wRAIgHHVzgMbx2JYnYieMiVbUIeet62D-EJKwRtoWQ_k-t4UCICERL8P4Gg0te-ppig7U02FytiDU5omlM6HrLNvr9iG0&lsparams=cps%2Cmet%2Cmh%2Cmm%2Cmn%2Cms%2Cmv%2Cmvi%2Cpl%2Crms%2Cinitcwndbps&lsig=APaTxxMwRQIhALYZaNOO8VWTZDZlE_9k-k0yLwK3--s9KAUjIl7iIn8AAiAV6TcEktiZ3M_ETi4Sj8VYviWQMJaTQIN1oeI4EtLj3w%3D%3D
INFO: 2026/03/02 11:29:11 Playback stopped
INFO: 2026/03/02 11:29:12 Playback started successfully
INFO: 2026/03/02 11:29:13 Playback stopped
INFO: 2026/03/02 11:29:14 Starting playback: https://rr1---sn-bg0s7nse.googlevideo.com/videoplayback?expire=1772482689&ei=IZylaZfKA_SjobIPmfqdmQk&ip=2804%3A868%3Ad054%3Aaa91%3A9188%3Ae4ce%3A2fe8%3A12a9&id=o-AOXCN6XCH7YoAmRSEJQ7KMpgH-1AdlQCt7Aer0uEi5dL&itag=139&source=youtube&requiressl=yes&xpc=EgVo2aDSNQ%3D%3D&cps=211&met=1772461089%2C&mh=pz&mm=31%2C26&mn=sn-bg0s7nse%2Csn-gpv7kn7r&ms=au%2Conr&mv=m&mvi=1&pl=54&rms=au%2Cau&gcr=br&initcwndbps=1147500&bui=AVNa5-wUVHtcFdfwE1RXe81UklrF0cU-VXuXBskmOrbVg3lVuBeHTjZGFg7SJEomv7f3XqidxWHKwCw6&spc=6dlaFIWqKUFB&vprv=1&svpuc=1&mime=audio%2Fmp4&rqh=1&gir=yes&clen=1580235&dur=258.824&lmt=1634446820367727&mt=1772457213&fvip=5&keepalive=yes&fexp=51552689%2C51565116%2C51565681%2C51580968%2C51791334&c=ANDROID_VR&txp=2311224&sparams=expire%2Cei%2Cip%2Cid%2Citag%2Csource%2Crequiressl%2Cxpc%2Cgcr%2Cbui%2Cspc%2Cvprv%2Csvpuc%2Cmime%2Crqh%2Cgir%2Cclen%2Cdur%2Clmt&sig=AHEqNM4wRgIhAIqD70QfYCUa-Qawf75gxAjvdew2BuOazUih8a3ys47vAiEAgLFGfvGu4dg6jANUZEPyqpZ85jGpiJ7oR8K-jvwdUHw%3D&lsparams=cps%2Cmet%2Cmh%2Cmm%2Cmn%2Cms%2Cmv%2Cmvi%2Cpl%2Crms%2Cinitcwndbps&lsig=APaTxxMwRgIhAOCNi59ivQA_d291w0mBWxjonD_PduoU7GzVpikLPnLXAiEA48ifeTQzqzfmS5W6KhOvJsL9MbJSP7y9rzjXLKYX3FI%3D
INFO: 2026/03/02 11:29:14 Playback stopped
INFO: 2026/03/02 11:29:14 Playback started successfully
INFO: 2026/03/02 11:29:16 Playback stopped
INFO: 2026/03/02 11:29:32 Parsing URL: https://www.youtube.com/watch?v=nJ6A6GC_ki4&pp=ygUWaGFydWthIGthbmF0YSBwbGF5bGlzdA%3D%3D
INFO: 2026/03/02 11:29:34 Converting entry: ASIAN KUNG-FU GENERATION - Haruka Kanata, Formats count: 20
INFO: 2026/03/02 11:29:34 Found audio URL for: ASIAN KUNG-FU GENERATION - Haruka Kanata
INFO: 2026/03/02 11:29:35 Successfully parsed 1 tracks
INFO: 2026/03/02 11:29:35 Starting playback: https://rr1---sn-a2oxu-bg0s.googlevideo.com/videoplayback?expire=1772483375&ei=z56laaW6B-WlobIP3bDY6Q4&ip=2804%3A868%3Ad054%3Aaa91%3A9188%3Ae4ce%3A2fe8%3A12a9&id=o-ABGy0HstJ3dELTml7YF_heX9yvE-xHUttqXjt2NtxMCi&itag=139&source=youtube&requiressl=yes&xpc=EgVo2aDSNQ%3D%3D&cps=876&met=1772461775%2C&mh=MH&mm=31%2C29&mn=sn-a2oxu-bg0s%2Csn-bg0e6n7k&ms=au%2Crdu&mv=m&mvi=1&pl=54&rms=au%2Cau&gcr=br&initcwndbps=2418750&bui=AVNa5-ybxQwOf_NIsBf_G-zOrcE9OzU23eaC_02-KV43blEesVOvQTI4VmKiJl0sU1JjWNabyjeEoiQM&spc=6dlaFCQ6bmGE&vprv=1&svpuc=1&mime=audio%2Fmp4&rqh=1&gir=yes&clen=1503960&dur=246.456&lmt=1741072747520157&mt=1772457213&fvip=1&keepalive=yes&fexp=51552689%2C51565116%2C51565682%2C51580968%2C51791334&c=ANDROID_VR&txp=4532534&sparams=expire%2Cei%2Cip%2Cid%2Citag%2Csource%2Crequiressl%2Cxpc%2Cgcr%2Cbui%2Cspc%2Cvprv%2Csvpuc%2Cmime%2Crqh%2Cgir%2Cclen%2Cdur%2Clmt&sig=AHEqNM4wRAIgY1Sd7RYUCNKNb1c08Dngth1IlLsoceSObp31EKF0o0MCIEURcjhbUHmRZ3ONVnsqwhExl4qm5Vz4F2JKqPqrj9CU&lsparams=cps%2Cmet%2Cmh%2Cmm%2Cmn%2Cms%2Cmv%2Cmvi%2Cpl%2Crms%2Cinitcwndbps&lsig=APaTxxMwRQIgbeHOYFlfyEyhHg2t_shPrBKHkHbDr-FvUmkPDcTbrRwCIQDwkX4BeyrXA2empxArN_Hf48FeYzUM59Ozb5FvNY6vWg%3D%3D
INFO: 2026/03/02 11:29:35 Playback stopped
INFO: 2026/03/02 11:29:35 Playback started successfully
INFO: 2026/03/02 11:29:45 Playback stopped
INFO: 2026/03/02 11:29:47 Parsing URL: https://www.youtube.com/watch?v=nJ6A6GC_ki4&pp=ygUWaGFydWthIGthbmF0YSBwbGF5bGlzdA%3D%3D
INFO: 2026/03/02 11:29:49 Converting entry: ASIAN KUNG-FU GENERATION - Haruka Kanata, Formats count: 20
INFO: 2026/03/02 11:29:49 Found audio URL for: ASIAN KUNG-FU GENERATION - Haruka Kanata
INFO: 2026/03/02 11:29:50 Successfully parsed 1 tracks
INFO: 2026/03/02 11:29:50 Starting playback: https://rr1---sn-a2oxu-bg0s.googlevideo.com/videoplayback?expire=1772483390&ei=3p6ladYzr5f4sA_CmP3QCA&ip=2804%3A868%3Ad054%3Aaa91%3A9188%3Ae4ce%3A2fe8%3A12a9&id=o-AKx8ADIbpcZy1kHm43SsspyuMu5h0a98H5zsFBWo58aE&itag=139&source=youtube&requiressl=yes&xpc=EgVo2aDSNQ%3D%3D&cps=898&met=1772461790%2C&mh=MH&mm=31%2C29&mn=sn-a2oxu-bg0s%2Csn-bg0s7n7l&ms=au%2Crdu&mv=m&mvi=1&pl=54&rms=au%2Cau&gcr=br&initcwndbps=2418750&bui=AVNa5-zidcpDhxj5dkWERAMltu5GGnhPhl5iWgBzRCBRfbMB-dDbYm604zDO-Qrh1tP-1fOmxdV6al_g&spc=6dlaFFyWw8Hg&vprv=1&svpuc=1&mime=audio%2Fmp4&rqh=1&gir=yes&clen=1503960&dur=246.456&lmt=1741072747520157&mt=1772457213&fvip=5&keepalive=yes&fexp=51552689%2C51565115%2C51565681%2C51580968%2C51791333&c=ANDROID_VR&txp=4532534&sparams=expire%2Cei%2Cip%2Cid%2Citag%2Csource%2Crequiressl%2Cxpc%2Cgcr%2Cbui%2Cspc%2Cvprv%2Csvpuc%2Cmime%2Crqh%2Cgir%2Cclen%2Cdur%2Clmt&sig=AHEqNM4wRAIgMxYugcC0dNxSnHl4rpgbOcbIgE3N86CAHXAyqkFF_EwCIAkvDcVL2ViXEKYjrEJz2bagnyN39c5i4z_JGvK7FkVd&lsparams=cps%2Cmet%2Cmh%2Cmm%2Cmn%2Cms%2Cmv%2Cmvi%2Cpl%2Crms%2Cinitcwndbps&lsig=APaTxxMwRQIhANju7u53SEG9x2Wn5yAy4hrKN_LLY6BHIVsz0MaB3nUsAiAuNCGDzrriomHbQR4w2objhYMk2JrXeaRqCf9qJzWbvw%3D%3D
INFO: 2026/03/02 11:29:50 Playback stopped
INFO: 2026/03/02 11:29:50 Playback started successfully
INFO: 2026/03/02 11:29:56 Playback paused
INFO: 2026/03/02 11:29:58 Playback resumed
INFO: 2026/03/02 11:30:06 Playback stopped
INFO: 2026/03/02 11:30:06 Application exiting
INFO: 2026/03/02 11:30:38 Logger initialized
INFO: 2026/03/02 11:30:38 Application starting...
INFO: 2026/03/02 11:30:38 Audio player initialized
INFO: 2026/03/02 11:30:38 Volume set to 10%
INFO: 2026/03/02 11:30:44 Parsing URL: https://www.youtube.com/watch?v=nJ6A6GC_ki4&pp=ygUWaGFydWthIGthbmF0YSBwbGF5bGlzdA%3D%3D
INFO: 2026/03/02 11:30:47 Converting entry: ASIAN KUNG-FU GENERATION - Haruka Kanata, Formats count: 20
INFO: 2026/03/02 11:30:47 Found audio URL for: ASIAN KUNG-FU GENERATION - Haruka Kanata
INFO: 2026/03/02 11:30:47 Successfully parsed 1 tracks
INFO: 2026/03/02 11:30:47 Starting playback: https://rr5---sn-bg0s7n7l.googlevideo.com/videoplayback?expire=1772483447&ei=F5-laaT2GqKPobIP4dDjyQ4&ip=2804%3A868%3Ad054%3Aaa91%3A9188%3Ae4ce%3A2fe8%3A12a9&id=o-ABeAAkz48ufugvVilSPkmv6qmr1Hg9ENs1p9_kThMbvX&itag=139&source=youtube&requiressl=yes&xpc=EgVo2aDSNQ%3D%3D&cps=817&met=1772461847%2C&mh=MH&mm=31%2C26&mn=sn-bg0s7n7l%2Csn-gpv7kn76&ms=au%2Conr&mv=m&mvi=5&pl=56&rms=au%2Cau&gcr=br&initcwndbps=1375000&bui=AVNa5-z8B32OM7n9rfMkmwIn8j3rDqjof3OK4ttaTWoBqlK327j_1CRn7B1TMipqj6OA-HUHlY455y9g&spc=6dlaFBjorOVD&vprv=1&svpuc=1&mime=audio%2Fmp4&rqh=1&gir=yes&clen=1503960&dur=246.456&lmt=1741072747520157&mt=1772461540&fvip=2&keepalive=yes&fexp=51552689%2C51565115%2C51565682%2C51580968%2C51791334&c=ANDROID_VR&txp=4532534&sparams=expire%2Cei%2Cip%2Cid%2Citag%2Csource%2Crequiressl%2Cxpc%2Cgcr%2Cbui%2Cspc%2Cvprv%2Csvpuc%2Cmime%2Crqh%2Cgir%2Cclen%2Cdur%2Clmt&sig=AHEqNM4wRQIgYnCWtOEDgnMLrHaCJA6c2vKsGT4wak2lfqPubPlyveACIQCCwthChpkv2mGRTjZZ8BCN3DruZ2y0UCJklfIMlDTHeQ%3D%3D&lsparams=cps%2Cmet%2Cmh%2Cmm%2Cmn%2Cms%2Cmv%2Cmvi%2Cpl%2Crms%2Cinitcwndbps&lsig=APaTxxMwRQIhAMlwShCSzSt5BbMcAFkuMc-KgK1DmIAXHkyAOJD1FQ7WAiA_i8k4eWE2NWayaIhjclmrVJ7WjHgofQrYRRXkGnCkZQ%3D%3D
INFO: 2026/03/02 11:30:47 Playback stopped
INFO: 2026/03/02 11:30:47 Playback started successfully
INFO: 2026/03/02 11:30:53 Playback stopped
INFO: 2026/03/02 11:30:53 Application exiting
INFO: 2026/03/02 11:33:37 Logger initialized
INFO: 2026/03/02 11:33:37 Application starting...
INFO: 2026/03/02 11:33:37 Audio player initialized
INFO: 2026/03/02 11:33:37 Volume set to 10%
INFO: 2026/03/02 11:33:47 Parsing URL: https://www.youtube.com/watch?v=nJ6A6GC_ki4&pp=ygUWaGFydWthIGthbmF0YSBwbGF5bGlzdA%3D%3D
INFO: 2026/03/02 11:33:50 Converting entry: ASIAN KUNG-FU GENERATION - Haruka Kanata, Formats count: 20
INFO: 2026/03/02 11:33:50 Found audio URL for: ASIAN KUNG-FU GENERATION - Haruka Kanata
INFO: 2026/03/02 11:33:50 Successfully parsed 1 tracks
INFO: 2026/03/02 11:33:50 Starting playback: https://rr1---sn-a2oxu-bg0s.googlevideo.com/videoplayback?expire=1772483630&ei=zp-laZuHFImR-LAPop65wQ0&ip=2804%3A868%3Ad054%3Aaa91%3A9188%3Ae4ce%3A2fe8%3A12a9&id=o-AIUmZsGPDaNoC7oFAW3IT9hUi3kvlqlFq1RKYXuJDBzK&itag=139&source=youtube&requiressl=yes&xpc=EgVo2aDSNQ%3D%3D&cps=840&met=1772462030%2C&mh=MH&mm=31%2C29&mn=sn-a2oxu-bg0s%2Csn-bg0s7n7l&ms=au%2Crdu&mv=m&mvi=1&pl=54&rms=au%2Cau&gcr=br&initcwndbps=2418750&bui=AVNa5-zDauVvZ__YhCEsnQGkY8mEr4YkZWf6FlHjSYNGf2GWVJ9O5RUOiYnaoI-5iYXjq7myUgNJBWMm&spc=6dlaFN-NfQgx&vprv=1&svpuc=1&mime=audio%2Fmp4&rqh=1&gir=yes&clen=1503960&dur=246.456&lmt=1741072747520157&mt=1772457213&fvip=5&keepalive=yes&fexp=51552689%2C51565116%2C51565682%2C51580968%2C51791333&c=ANDROID_VR&txp=4532534&sparams=expire%2Cei%2Cip%2Cid%2Citag%2Csource%2Crequiressl%2Cxpc%2Cgcr%2Cbui%2Cspc%2Cvprv%2Csvpuc%2Cmime%2Crqh%2Cgir%2Cclen%2Cdur%2Clmt&sig=AHEqNM4wRQIgRzMUBkUPpRJk94z3-LaVp-Tk-8TjhrsSiacABer9UVcCIQCvcXq1P13Kw1Juv_s-HdBz4zcgRCFxirNf39KdJB6Rxw%3D%3D&lsparams=cps%2Cmet%2Cmh%2Cmm%2Cmn%2Cms%2Cmv%2Cmvi%2Cpl%2Crms%2Cinitcwndbps&lsig=APaTxxMwRQIhAMsHxnrEhisik59hgs4U5GsjkQCL2xGRg5yjDjk2CsuJAiBykIOCewLbtFqylD2LsrTuvvfXFxfuRVb41fVytEyeBw%3D%3D
INFO: 2026/03/02 11:33:50 Playback stopped
INFO: 2026/03/02 11:33:51 Playback started successfully
INFO: 2026/03/02 11:34:24 Logger initialized
INFO: 2026/03/02 11:34:24 Application starting...
INFO: 2026/03/02 11:34:24 Audio player initialized
INFO: 2026/03/02 11:34:24 Volume set to 10%
INFO: 2026/03/02 11:34:33 Parsing URL: https://www.youtube.com/watch?v=nJ6A6GC_ki4&pp=ygUWaGFydWthIGthbmF0YSBwbGF5bGlzdA%3D%3D
INFO: 2026/03/02 11:34:43 Converting entry: ASIAN KUNG-FU GENERATION - Haruka Kanata, Formats count: 20
INFO: 2026/03/02 11:34:43 Found audio URL for: ASIAN KUNG-FU GENERATION - Haruka Kanata
INFO: 2026/03/02 11:34:43 Successfully parsed 1 tracks
INFO: 2026/03/02 11:34:43 Starting playback: https://rr1---sn-a2oxu-bg0s.googlevideo.com/videoplayback?expire=1772483683&ei=A6ClaemWJuGa1sQPuerJ4Qw&ip=2804%3A868%3Ad054%3Aaa91%3A9188%3Ae4ce%3A2fe8%3A12a9&id=o-AIwZqWSNLGFiqM_yuxyYO5tc1q8NUBrjqOVWUOdYMDbK&itag=139&source=youtube&requiressl=yes&xpc=EgVo2aDSNQ%3D%3D&cps=848&met=1772462083%2C&mh=MH&mm=31%2C29&mn=sn-a2oxu-bg0s%2Csn-bg0s7n7l&ms=au%2Crdu&mv=m&mvi=1&pl=54&rms=au%2Cau&gcr=br&initcwndbps=2418750&bui=AVNa5-yuOf_zwmpDmuZKnLhlHiRe0tQkjIq4VM7omEoGKngl92AtNZtQAGmQBFl_U8YW7K3u6LigbsJD&spc=6dlaFAIcG7zK&vprv=1&svpuc=1&mime=audio%2Fmp4&rqh=1&gir=yes&clen=1503960&dur=246.456&lmt=1741072747520157&mt=1772457213&fvip=5&keepalive=yes&fexp=51552689%2C51565116%2C51565682%2C51580968%2C51791334&c=ANDROID_VR&txp=4532534&sparams=expire%2Cei%2Cip%2Cid%2Citag%2Csource%2Crequiressl%2Cxpc%2Cgcr%2Cbui%2Cspc%2Cvprv%2Csvpuc%2Cmime%2Crqh%2Cgir%2Cclen%2Cdur%2Clmt&sig=AHEqNM4wRQIgfpDaeSJsRWKldZljf7xyOMqBcD-jyJi0OFVGDj4AATYCIQCnQ5mldW-8DlFM92Lhin8WVMwIH85m-VHp1BrRwNAy_Q%3D%3D&lsparams=cps%2Cmet%2Cmh%2Cmm%2Cmn%2Cms%2Cmv%2Cmvi%2Cpl%2Crms%2Cinitcwndbps&lsig=APaTxxMwRQIgYPzABwB3XTD3X0aEDggTAC9Cca3m-wBEtV29ijaJSA8CIQCAeDFRS1ly5osoVov4Vlf3vphTguYo8stN_kdUPeFzVA%3D%3D
INFO: 2026/03/02 11:34:43 Playback stopped
INFO: 2026/03/02 11:34:44 Playback started successfully
INFO: 2026/03/02 11:35:44 Logger initialized
INFO: 2026/03/02 11:35:44 Application starting...
INFO: 2026/03/02 11:35:44 Audio player initialized
INFO: 2026/03/02 11:35:44 Volume set to 10%
INFO: 2026/03/02 11:35:54 Parsing URL: https://www.youtube.com/watch?v=nJ6A6GC_ki4&pp=ygUWaGFydWthIGthbmF0YSBwbGF5bGlzdA%3D%3D
INFO: 2026/03/02 11:35:56 Converting entry: ASIAN KUNG-FU GENERATION - Haruka Kanata, Formats count: 20
INFO: 2026/03/02 11:35:56 Found audio URL for: ASIAN KUNG-FU GENERATION - Haruka Kanata
INFO: 2026/03/02 11:35:56 Successfully parsed 1 tracks
INFO: 2026/03/02 11:35:57 Starting playback: https://rr1---sn-a2oxu-bg0s.googlevideo.com/videoplayback?expire=1772483756&ei=TKClafavMpqX-LAP1Z6u0AI&ip=2804%3A868%3Ad054%3Aaa91%3A9188%3Ae4ce%3A2fe8%3A12a9&id=o-AHiBAhD4zsuRJtJq_IUx-kdCqL7tyZ2t8SJa-LLsqq40&itag=139&source=youtube&requiressl=yes&xpc=EgVo2aDSNQ%3D%3D&cps=822&met=1772462156%2C&mh=MH&mm=31%2C29&mn=sn-a2oxu-bg0s%2Csn-bg0e6n7k&ms=au%2Crdu&mv=m&mvi=1&pl=56&rms=au%2Cau&gcr=br&initcwndbps=2408750&bui=AVNa5-w-KgdqRLWjrzOJ3grVIwNt-b-sHi5wFs1j4npweETT21oOYJnnMAedrY87BflyPU7JIut40IgB&spc=6dlaFE_MgyON&vprv=1&svpuc=1&mime=audio%2Fmp4&rqh=1&gir=yes&clen=1503960&dur=246.456&lmt=1741072747520157&mt=1772461791&fvip=1&keepalive=yes&fexp=51552689%2C51565116%2C51565681%2C51580968%2C51791334&c=ANDROID_VR&txp=4532534&sparams=expire%2Cei%2Cip%2Cid%2Citag%2Csource%2Crequiressl%2Cxpc%2Cgcr%2Cbui%2Cspc%2Cvprv%2Csvpuc%2Cmime%2Crqh%2Cgir%2Cclen%2Cdur%2Clmt&sig=AHEqNM4wRAIgbLVX3OqhqqzsBeGatl-C3LKBDJN43wSrXV8OiYNH4PYCIHnybaWZ5IdzDsO99Oq4l2sE4_ZGweLNRTwbbdV6xy69&lsparams=cps%2Cmet%2Cmh%2Cmm%2Cmn%2Cms%2Cmv%2Cmvi%2Cpl%2Crms%2Cinitcwndbps&lsig=APaTxxMwRgIhAPVcOeLrlU5xp-zOAR6-JXpX-1m7hpAUBhvXiad4z2DyAiEAzpTOpg5u-h1cZcC9grKSw4CW24S5q0574BnFoxl3-H4%3D
INFO: 2026/03/02 11:35:57 Playback stopped
INFO: 2026/03/02 11:35:57 Playback started successfully
INFO: 2026/03/02 11:36:00 Parsing URL: https://www.youtube.com/watch?v=nJ6A6GC_ki4&pp=ygUWaGFydWthIGthbmF0YSBwbGF5bGlzdA%3D%3D
INFO: 2026/03/02 11:36:02 Converting entry: ASIAN KUNG-FU GENERATION - Haruka Kanata, Formats count: 20
INFO: 2026/03/02 11:36:02 Found audio URL for: ASIAN KUNG-FU GENERATION - Haruka Kanata
INFO: 2026/03/02 11:36:03 Successfully parsed 1 tracks
INFO: 2026/03/02 11:36:08 Playback stopped
INFO: 2026/03/02 11:36:08 Application exiting
INFO: 2026/03/02 11:36:09 Starting playback: https://rr1---sn-a2oxu-bg0s.googlevideo.com/videoplayback?expire=1772483763&ei=U6ClafoXtJOhsg-TnZ7xCA&ip=2804%3A868%3Ad054%3Aaa91%3A9188%3Ae4ce%3A2fe8%3A12a9&id=o-ANAj3Po9esP166KODZXg1eARsbhLdFGKis1-ckXuAlNh&itag=139&source=youtube&requiressl=yes&xpc=EgVo2aDSNQ%3D%3D&cps=803&met=1772462163%2C&mh=MH&mm=31%2C29&mn=sn-a2oxu-bg0s%2Csn-bg0e6n7k&ms=au%2Crdu&mv=m&mvi=1&pl=56&rms=au%2Cau&gcr=br&initcwndbps=2408750&bui=AVNa5-xx-SP7lD7CjbDC71_gcAMOlDbzqfGzHmhtex5OvdOZXvfqmb4wGC4WayjBxjimdkEAeSrUv5Xi&spc=6dlaFBTuEeHV&vprv=1&svpuc=1&mime=audio%2Fmp4&rqh=1&gir=yes&clen=1503960&dur=246.456&lmt=1741072747520157&mt=1772461791&fvip=1&keepalive=yes&fexp=51552689%2C51565115%2C51565682%2C51580968%2C51791333&c=ANDROID_VR&txp=4532534&sparams=expire%2Cei%2Cip%2Cid%2Citag%2Csource%2Crequiressl%2Cxpc%2Cgcr%2Cbui%2Cspc%2Cvprv%2Csvpuc%2Cmime%2Crqh%2Cgir%2Cclen%2Cdur%2Clmt&sig=AHEqNM4wRgIhAMDGh1oMOJqBMJULV03ZmpLOsvwPa1T0eVaPHUviRkrDAiEA1y20Eo4LW5buZjGezf5Hlclh12qk7ArifTBXE9eH2i8%3D&lsparams=cps%2Cmet%2Cmh%2Cmm%2Cmn%2Cms%2Cmv%2Cmvi%2Cpl%2Crms%2Cinitcwndbps&lsig=APaTxxMwRAIgCVcKsAKEppf9mP639KJU_q8ulPXRSyFBcwNRtyPh_SkCIHAqwsvqej9pyUNqhaKHOzgEPDCh-iPScouhUsMywReJ
INFO: 2026/03/02 11:36:09 Playback stopped
INFO: 2026/03/02 11:36:09 Playback started successfully
INFO: 2026/03/02 11:49:06 Logger initialized
INFO: 2026/03/02 11:49:06 Application starting...
INFO: 2026/03/02 11:49:06 Audio player initialized
INFO: 2026/03/02 11:49:06 Volume set to 10%
INFO: 2026/03/02 11:49:13 Searching for: haruka kanata (max 5 results)
INFO: 2026/03/02 11:49:21 Found 5 results for: haruka kanata
INFO: 2026/03/02 11:49:26 Parsing URL: https://youtube.com/watch?v=SRn99oN1p_c
INFO: 2026/03/02 11:49:28 Converting entry: Naruto Opening 2 | Haruka Kanata (HD), Formats count: 27
INFO: 2026/03/02 11:49:28 Found audio URL for: Naruto Opening 2 | Haruka Kanata (HD)
INFO: 2026/03/02 11:49:29 Successfully parsed 1 tracks
INFO: 2026/03/02 11:49:29 Starting playback: https://rr1---sn-bg0s7n76.googlevideo.com/videoplayback?expire=1772484568&ei=eKOlaaytNejf1sQPrqD8uAI&ip=2804%3A868%3Ad054%3Aaa91%3A9188%3Ae4ce%3A2fe8%3A12a9&id=o-AC39yQ2caXAKtm0MfGqmt__mer9GYSubTqxLPx_8asqT&itag=139&source=youtube&requiressl=yes&xpc=EgVo2aDSNQ%3D%3D&cps=523&met=1772462968%2C&mh=AE&mm=31%2C29&mn=sn-bg0s7n76%2Csn-bg0e6nes&ms=au%2Crdu&mv=m&mvi=1&pl=56&rms=au%2Cau&gcr=br&initcwndbps=1331250&bui=AVNa5-yx9JdVmjC3Ct9MzF4_b113RnYBZKT3ZFueGbLRp-9yo_yrRcK_VEOQ9uXGq_sg_vTXduKhacfU&spc=6dlaFCuD6nLP&vprv=1&svpuc=1&mime=audio%2Fmp4&rqh=1&gir=yes&clen=635152&dur=104.025&lmt=1751068751122808&mt=1772462479&fvip=3&keepalive=yes&fexp=51552689%2C51565116%2C51565681%2C51580968%2C51791334&c=ANDROID_VR&txp=4532534&sparams=expire%2Cei%2Cip%2Cid%2Citag%2Csource%2Crequiressl%2Cxpc%2Cgcr%2Cbui%2Cspc%2Cvprv%2Csvpuc%2Cmime%2Crqh%2Cgir%2Cclen%2Cdur%2Clmt&sig=AHEqNM4wRgIhAN5WXnsmQuVxNzIPSvQmOyUwA0O2O-b-QH4B9StujB05AiEA0B610oN-IszGnriLM8onlUPA1iFnDry5clAMrAE6uDg%3D&lsparams=cps%2Cmet%2Cmh%2Cmm%2Cmn%2Cms%2Cmv%2Cmvi%2Cpl%2Crms%2Cinitcwndbps&lsig=APaTxxMwRQIhAM9OnlX4TxHjgGZciflbpKmbwNw13XJcci4IuXFHMAEGAiBvAtEnkUm_xiokOaaYlWAiCF0jZatJ_Xs77xcAbBjjaw%3D%3D
INFO: 2026/03/02 11:49:29 Playback stopped
INFO: 2026/03/02 11:49:29 Playback started successfully
INFO: 2026/03/02 11:49:38 Parsing URL: https://www.youtube.com/watch?v=nJ6A6GC_ki4&pp=ygUWaGFydWthIGthbmF0YSBwbGF5bGlzdA%3D%3D
INFO: 2026/03/02 11:49:40 Converting entry: ASIAN KUNG-FU GENERATION - Haruka Kanata, Formats count: 20
INFO: 2026/03/02 11:49:40 Found audio URL for: ASIAN KUNG-FU GENERATION - Haruka Kanata
INFO: 2026/03/02 11:49:40 Successfully parsed 1 tracks
INFO: 2026/03/02 11:49:44 Playback stopped
INFO: 2026/03/02 11:49:44 Starting playback: https://rr5---sn-bg0s7n7l.googlevideo.com/videoplayback?expire=1772484580&ei=hKOlafrsJMyJ4dUP19vr0Q0&ip=2804%3A868%3Ad054%3Aaa91%3A9188%3Ae4ce%3A2fe8%3A12a9&id=o-AK7gyBvSsAp-wPQjQNga179vlRtEpRWofs2SProNQBLE&itag=139&source=youtube&requiressl=yes&xpc=EgVo2aDSNQ%3D%3D&cps=789&met=1772462980%2C&mh=MH&mm=31%2C29&mn=sn-bg0s7n7l%2Csn-bg0e6n7k&ms=au%2Crdu&mv=m&mvi=5&pl=56&rms=au%2Cau&gcr=br&initcwndbps=1372500&bui=AVNa5-y4IZ8fLlnaKjyNnaEKkTzFqTzCeMSEN9VDIJIM-8WC063EOECbySwvl0JJx8Peip-iy2UfqlEy&spc=6dlaFKAgjxzL&vprv=1&svpuc=1&mime=audio%2Fmp4&rqh=1&gir=yes&clen=1503960&dur=246.456&lmt=1741072747520157&mt=1772462750&fvip=1&keepalive=yes&fexp=51552689%2C51565116%2C51565681%2C51580968%2C51791333&c=ANDROID_VR&txp=4532534&sparams=expire%2Cei%2Cip%2Cid%2Citag%2Csource%2Crequiressl%2Cxpc%2Cgcr%2Cbui%2Cspc%2Cvprv%2Csvpuc%2Cmime%2Crqh%2Cgir%2Cclen%2Cdur%2Clmt&sig=AHEqNM4wRAIgPnEL_bvjkU9cmRkPAo8cLntmKRDWTtdMImgIRLOnl6QCIG9bcyMcZ2mwzHTHyLke-zech1mFNiYAMWCVzJ6VaUgf&lsparams=cps%2Cmet%2Cmh%2Cmm%2Cmn%2Cms%2Cmv%2Cmvi%2Cpl%2Crms%2Cinitcwndbps&lsig=APaTxxMwRQIhAI143vJyzaYRbsR2iZQDKUtuY1U7ocp2unXxnKnSavzuAiBmQn28IPsiRI8nJSG6JuxFR4_nRzr6dlbPJePvMr0Rlw%3D%3D
INFO: 2026/03/02 11:49:44 Playback stopped
INFO: 2026/03/02 11:49:44 Playback started successfully
INFO: 2026/03/02 11:49:53 Searching for: never giv up (max 5 results)
INFO: 2026/03/02 11:50:03 Found 5 results for: never giv up
INFO: 2026/03/02 11:50:08 Parsing URL: https://youtube.com/watch?v=hZ7Om9gE-Oc
INFO: 2026/03/02 11:50:10 Converting entry: I Never Give Up, Formats count: 27
INFO: 2026/03/02 11:50:10 Found audio URL for: I Never Give Up
INFO: 2026/03/02 11:50:11 Successfully parsed 1 tracks
INFO: 2026/03/02 11:50:12 Playback stopped
INFO: 2026/03/02 11:50:12 Starting playback: https://rr5---sn-bg0e6nes.googlevideo.com/videoplayback?expire=1772484610&ei=oqOladDINPKG1sQP1KuOmQY&ip=2804%3A868%3Ad054%3Aaa91%3A9188%3Ae4ce%3A2fe8%3A12a9&id=o-ACjHcueMugoKp0PmeyNmvyHqvT6-XtfCDRda9qoYmydt&itag=139&source=youtube&requiressl=yes&xpc=EgVo2aDSNQ%3D%3D&cps=350&met=1772463010%2C&mh=qM&mm=31%2C29&mn=sn-bg0e6nes%2Csn-bg0s7n7e&ms=au%2Crdu&mv=m&mvi=5&pl=56&rms=au%2Cau&gcr=br&initcwndbps=1331250&bui=AVNa5-w6e7dwhKXZTvm8fv4WoUpWhksbeaHzP6gr3SFP6tTvWk8qWcmAuQ8XRuR4UKVpg3UVMGkoRIFH&spc=6dlaFAZLL-J8&vprv=1&svpuc=1&mime=audio%2Fmp4&rqh=1&gir=yes&clen=1477979&dur=242.061&lmt=1761876904963434&mt=1772462479&fvip=1&keepalive=yes&fexp=51552689%2C51565116%2C51565681%2C51580968%2C51791334&c=ANDROID_VR&txp=5532534&sparams=expire%2Cei%2Cip%2Cid%2Citag%2Csource%2Crequiressl%2Cxpc%2Cgcr%2Cbui%2Cspc%2Cvprv%2Csvpuc%2Cmime%2Crqh%2Cgir%2Cclen%2Cdur%2Clmt&sig=AHEqNM4wRQIgIkPaXxvZ2v9Y2WB-qbp4DZ6idx9ccCi7jXSbtf_5O_wCIQDJRvvT7fA4i7x4qExD4faQuZWItvle7W4LWdrVz_DV5g%3D%3D&lsparams=cps%2Cmet%2Cmh%2Cmm%2Cmn%2Cms%2Cmv%2Cmvi%2Cpl%2Crms%2Cinitcwndbps&lsig=APaTxxMwRgIhAL3WKpKwfO9Lz70ojbqVLUTAqfmO5fbfhVeDyP-D_E0rAiEA0TVp9QeYJMx97nQZX8vcJ0Xk-vJFuAhNV2h2usSlrVE%3D
INFO: 2026/03/02 11:50:12 Playback stopped
INFO: 2026/03/02 11:50:12 Playback started successfully
INFO: 2026/03/02 11:50:20 Playback stopped
INFO: 2026/03/02 11:50:22 Playback stopped
INFO: 2026/03/02 11:50:22 Application exiting
